profession,metro,y,x,freq
RT,nonmetro,.0012912957695331,17.12986966633337,1.0007542
RT,nonmetro,.0024611644461508,18.37378312838723,1.9074024
RT,nonmetro,.0039083590549289,19.61769659044109,3.0289783
RT,nonmetro,.0056261415762289,20.86161005249495,4.3602595
RT,nonmetro,.0075593392825211,22.10552351454881,5.8584881
RT,nonmetro,.0098534777306656,23.34943697660268,7.636445
RT,nonmetro,.0122476686656479,24.59335043865654,9.4919434
RT,nonmetro,.0143804495995912,25.8372639007104,11.144849
RT,nonmetro,.0162538163270327,27.08117736276426,12.596707
RT,nonmetro,.0179423510884947,28.32509082481812,13.905322
RT,nonmetro,.0196193476469817,29.56900428687198,15.204994
RT,nonmetro,.0209439564755189,30.81291774892585,16.231565
RT,nonmetro,.0223683272918288,32.05683121097971,17.335453
RT,nonmetro,.0234578826678267,33.30074467303356,18.179859
RT,nonmetro,.0243315678218353,34.54465813508743,18.856964
RT,nonmetro,.0252507113649014,35.78857159714129,19.569302
RT,nonmetro,.0260593599517594,37.03248505919515,20.196005
RT,nonmetro,.0266174075679555,38.27639852124901,20.62849
RT,nonmetro,.0266860001392256,39.52031198330288,20.68165
RT,nonmetro,.0267894654969517,40.76422544535674,20.761835
RT,nonmetro,.0269482816581515,42.0081389074106,20.884918
RT,nonmetro,.027160306838492,43.25205236946447,21.049238
RT,nonmetro,.0280870293904735,44.49596583151832,21.767448
RT,nonmetro,.0286977877816369,45.73987929357219,22.240786
RT,nonmetro,.0292082255419167,46.98379275562604,22.636375
RT,nonmetro,.0294327663773192,48.22770621767991,22.810394
RT,nonmetro,.0294661836364654,49.47161967973376,22.836292
RT,nonmetro,.0289957503205877,50.71553314178763,22.471706
RT,nonmetro,.0274869479339324,51.9594466038415,21.302385
RT,nonmetro,.0255347435371333,53.20336006589535,19.789427
RT,nonmetro,.0235708377009001,54.44727352794922,18.267399
RT,nonmetro,.0218714378606445,55.69118699000308,16.950365
RT,nonmetro,.0207967879443775,56.93510045205694,16.11751
RT,nonmetro,.0197035101543144,58.1790139141108,15.270221
RT,nonmetro,.0185789317945325,59.42292737616467,14.398672
RT,nonmetro,.0171485702011303,60.66684083821852,13.290142
RT,nonmetro,.0155067487779364,61.91075430027239,12.017731
RT,nonmetro,.0135499476737837,63.15466776232624,10.501209
RT,nonmetro,.0113470428030052,64.39858122438011,8.7939577
RT,nonmetro,.00887791795926,65.64249468643398,6.8803864
RT,nonmetro,.0064353690362959,66.88640814848783,4.987411
RT,nonmetro,.0042978996791664,68.1303216105417,3.3308723
RT,nonmetro,.0027066883579785,69.37423507259555,2.0976834
RT,nonmetro,.0016955703809436,70.61814853464942,1.314067
RT,nonmetro,.0010856819887595,71.86206199670328,.84140354
RT,nonmetro,.0007382750103673,73.10597545875714,.57216311
RT,nonmetro,.0004211782286697,74.349888920811,.32641312
RT,nonmetro,.0001728361406602,75.59380238286487,.13394801
RT,nonmetro,.0001473077279094,76.83771584491872,.11416349
RT,nonmetro,.0001254176033495,78.08162930697259,.097198643
RT,metro,.0004826657884151,17.67056036413413,1.6526476
RT,metro,.0011674131716969,18.88754373610468,3.9972227
RT,metro,.0025590070518867,20.10452710807524,8.7620401
RT,metro,.0045083735598139,21.32151048004579,15.436671
RT,metro,.0070307419994725,22.53849385201634,24.073261
RT,metro,.0099748818077345,23.7554772239869,34.153996
RT,metro,.0127614752470915,24.97246059595746,43.69529
RT,metro,.0152512836384873,26.18944396792801,52.220394
RT,metro,.0174638498919862,27.40642733989857,59.796223
RT,metro,.0196940109793835,28.62341071186912,67.432297
RT,metro,.0218833647941899,29.84039408383968,74.928642
RT,metro,.0237460007175668,31.05737745581023,81.306305
RT,metro,.0254278676653996,32.27436082778079,87.065018
RT,metro,.0269372791267544,33.49134419975134,92.233246
RT,metro,.0275465962861331,34.7083275717219,94.319542
RT,metro,.0271013946791218,35.92531094369245,92.795174
RT,metro,.0265330136247255,37.14229431566301,90.849037
RT,metro,.0258155304454403,38.35927768763357,88.39238
RT,metro,.0254631363087829,39.57626105960412,87.185776
RT,metro,.0252679623359956,40.79324443157468,86.517502
RT,metro,.0258891379771912,42.01022780354523,88.644409
RT,metro,.027141396999954,43.22721117551578,92.932144
RT,metro,.0284376900495365,44.44419454748634,97.370651
RT,metro,.0295126808122278,45.66117791945689,101.05142
RT,metro,.0298216253234979,46.87816129142745,102.10925
RT,metro,.0295816653488769,48.095144663398,101.28762
RT,metro,.0286991936078449,49.31212803536856,98.266037
RT,metro,.0276651073504936,50.52911140733912,94.725327
RT,metro,.0263576484010051,51.74609477930967,90.248589
RT,metro,.0253704913905638,52.96307815128023,86.868561
RT,metro,.0244082589124521,54.18006152325078,83.573875
RT,metro,.023425501000092,55.39704489522134,80.208916
RT,metro,.0224151480212662,56.61402826719189,76.749466
RT,metro,.0212585651327361,57.83101163916245,72.78933
RT,metro,.0200213813368146,59.047995011133,68.553207
RT,metro,.0185633525044266,60.26497838310355,63.560921
RT,metro,.0166788037413929,61.48196175507411,57.108223
RT,metro,.0141321554612677,62.69894512704467,48.3885
RT,metro,.0112849129804133,63.91592849901522,38.639542
RT,metro,.0083314763778699,65.13291187098578,28.526976
RT,metro,.0057707791271094,66.34989524295634,19.759148
RT,metro,.0036760847769342,67.56687861492688,12.586914
RT,metro,.0022791268454657,68.78386198689745,7.8037305
RT,metro,.0014987615991815,70.00084535886799,5.1317596
RT,metro,.0009861423983443,71.21782873083856,3.3765516
RT,metro,.0006913353484243,72.4348121028091,2.3671322
RT,metro,.0004768415210287,73.65179547477966,1.6327053
RT,metro,.0003243454297512,74.86877884675022,1.1105587
RT,metro,.0001792919690959,76.08576221872077,.61389571
RT,metro,.000077517537168,77.30274559069133,.26542005
RN,nonmetro,.0000707476955738,16.89652270984072,1.1526215
RN,nonmetro,.0008072735793147,18.35401423286584,13.152102
RN,nonmetro,.0031260748621273,19.81150575589096,50.930012
RN,nonmetro,.0065390136268449,21.26899727891608,106.53361
RN,nonmetro,.0102744169173433,22.72648880194121,167.39079
RN,nonmetro,.0133488645850204,24.18398032496633,217.47971
RN,nonmetro,.0151843866716231,25.64147184799145,247.38403
RN,nonmetro,.0168966235855747,27.09896337101657,275.27979
RN,nonmetro,.0187530467446296,28.55645489404169,305.52463
RN,nonmetro,.0203412125241743,30.01394641706681,331.39905
RN,nonmetro,.0217302035604878,31.47143794009193,354.02847
RN,nonmetro,.022458489063884,32.92892946311706,365.89371
RN,nonmetro,.0226917620950155,34.38642098614217,369.69418
RN,nonmetro,.0228986177389525,35.8439125091673,373.06427
RN,nonmetro,.0231067962602977,37.30140403219242,376.45593
RN,nonmetro,.023262619236401,38.75889555521754,378.9946
RN,nonmetro,.0235434304182022,40.21638707824266,383.56958
RN,nonmetro,.0240405757006482,41.67387860126777,391.66907
RN,nonmetro,.0247543199622586,43.1313701242929,403.29739
RN,nonmetro,.0259916338154049,44.58886164731803,423.45569
RN,nonmetro,.0267287321715371,46.04635317034314,435.46451
RN,nonmetro,.0260294654059591,47.50384469336827,424.07205
RN,nonmetro,.0245531187190578,48.96133621639339,400.01941
RN,nonmetro,.0230994597506596,50.4188277394185,376.3364
RN,nonmetro,.0224080176874634,51.87631926244363,365.07141
RN,nonmetro,.0226798253777152,53.33381078546874,369.49973
RN,nonmetro,.0228737473014424,54.79130230849387,372.65909
RN,nonmetro,.022748850838603,56.248793831519,370.62427
RN,nonmetro,.0227394555205537,57.70628535454411,370.47122
RN,nonmetro,.0224089434308344,59.16377687756923,365.08652
RN,nonmetro,.0214763473972831,60.62126840059436,349.89264
RN,nonmetro,.019800183245957,62.07875992361947,322.58459
RN,nonmetro,.0173410864392328,63.5362514466446,282.52097
RN,nonmetro,.0141319082536489,64.99374296966971,230.23705
RN,nonmetro,.0108491729309979,66.45123449269484,176.75473
RN,nonmetro,.0079268062569288,67.90872601571996,129.14352
RN,nonmetro,.0056186018405694,69.36621753874508,91.538261
RN,nonmetro,.0041160115150998,70.8237090617702,67.05806
RN,nonmetro,.0029338014875783,72.28120058479533,47.797493
RN,nonmetro,.0019865043921794,73.73869210782044,32.364128
RN,nonmetro,.0013409059160232,75.19618363084557,21.846039
RN,nonmetro,.0009116530162204,76.65367515387068,14.852651
RN,nonmetro,.000608613144621,78.11116667689581,9.9155254
RN,nonmetro,.000402909148225,79.56865819992093,6.5641956
RN,nonmetro,.0002575727250171,81.02614972294606,4.1963749
RN,nonmetro,.000150517626733,82.48364124597117,2.4522331
RN,nonmetro,.000101076885425,83.9411327689963,1.6467446
RN,nonmetro,.0000765821749013,85.39862429202141,1.2476768
RN,nonmetro,.0000633863686558,86.85611581504654,1.0326908
RN,nonmetro,.0000334666762172,88.31360733807166,.54523909
RN,metro,8.57392717292e-06,17.24243098021687,.75630611
RN,metro,.0001820240343928,18.74726575477451,16.056339
RN,metro,.0021739746306756,20.25210052933214,191.7663
RN,metro,.0072159346534564,21.75693530388977,636.51758
RN,metro,.0131051564176217,23.2617700784474,1156.0059
RN,metro,.0171017296869803,24.76660485300503,1508.5436
RN,metro,.0197340654075673,26.27143962756266,1740.7419
RN,metro,.0216956597495036,27.77627440212029,1913.7742
RN,metro,.0230629978172803,29.28110917667793,2034.3871
RN,metro,.0240867937511127,30.78594395123556,2124.696
RN,metro,.0246725683379625,32.29077872579319,2176.3672
RN,metro,.0249932663157599,33.79561350035083,2204.656
RN,metro,.024639862886668,35.30044827490845,2173.4824
RN,metro,.0240692962591851,36.80528304946608,2123.1526
RN,metro,.0235452479736511,38.31011782402372,2076.9263
RN,metro,.0235937052121316,39.81495259858134,2081.2007
RN,metro,.0236810725808073,41.31978737313898,2088.9075
RN,metro,.0239092739459705,42.82462214769662,2109.0371
RN,metro,.0245856285048749,44.32945692225424,2168.6982
RN,metro,.0259161191436531,45.83429169681187,2286.0608
RN,metro,.0260001232722913,47.3391264713695,2293.4709
RN,metro,.0239584131848237,48.84396124592713,2113.3716
RN,metro,.0218754843178217,50.34879602048477,1929.6365
RN,metro,.0217759975157439,51.8536307950424,1920.8607
RN,metro,.0224815979801246,53.35846556960004,1983.1018
RN,metro,.022562064682312,54.86330034415767,1990.1997
RN,metro,.0219134335474826,56.36813511871529,1932.984
RN,metro,.0213470714856551,57.87296989327292,1883.0251
RN,metro,.020980840805246,59.37780466783056,1850.72
RN,metro,.0204532246541883,60.88263944238819,1804.179
RN,metro,.0185690624281218,62.38747421694582,1637.9771
RN,metro,.015041717342006,63.89230899150346,1326.8298
RN,metro,.0109821109685959,65.39714376606108,968.73199
RN,metro,.0076594713783585,66.90197854061871,675.64197
RN,metro,.005273048108348,68.40681331517635,465.13556
RN,metro,.0037208120170208,69.91164808973397,328.21283
RN,metro,.0025590715815656,71.41648286429161,225.7357
RN,metro,.001749543969103,72.92131763884925,154.32727
RN,metro,.0012608632634095,74.42615241340687,111.22075
RN,metro,.0008784155238866,75.9309871879645,77.485031
RN,metro,.0005447564052141,77.43582196252214,48.052963
RN,metro,.0003546406780133,78.94065673707976,31.282854
RN,metro,.0002454635948943,80.4454915116374,21.652344
RN,metro,.0001578868986637,81.95032628619504,13.927203
RN,metro,.0000980808833973,83.45516106075266,8.6517143
RN,metro,.0000534461275624,84.95999583531031,4.7144828
RN,metro,.0000249232307835,86.46483060986793,2.1984782
RN,metro,.0000147662778192,87.96966538442555,1.3025334
RN,metro,8.60842814828e-06,89.4745001589832,.75934947
RN,metro,3.75129524151e-06,90.97933493354083,.33090174
PYP,nonmetro,.0016784946763931,22.99406126655298,.32394949
PYP,nonmetro,.0029848763607833,24.47886134727952,.57608116
PYP,nonmetro,.0048773234446362,25.96366142800606,.9413234
PYP,nonmetro,.0071172463452051,27.4484615087326,1.3736285
PYP,nonmetro,.0097168453828475,28.93326158945914,1.8753512
PYP,nonmetro,.0126887402403387,30.41806167018567,2.4489269
PYP,nonmetro,.0159277266089795,31.90286175091221,3.0740511
PYP,nonmetro,.0187454765192433,33.38766183163875,3.617877
PYP,nonmetro,.0211925551078084,34.87246191236529,4.0901632
PYP,nonmetro,.0229184838015389,36.35726199309183,4.4232674
PYP,nonmetro,.024065184728515,37.84206207381837,4.6445808
PYP,nonmetro,.0246863413367605,39.32686215454491,4.7644639
PYP,nonmetro,.0247011666333144,40.81166223527144,4.7673249
PYP,nonmetro,.0241935432822909,42.29646231599799,4.669354
PYP,nonmetro,.0235062876613389,43.78126239672453,4.5367136
PYP,nonmetro,.0227515083586621,45.26606247745106,4.3910413
PYP,nonmetro,.021767141574633,46.7508625581776,4.2010584
PYP,nonmetro,.0205121596514328,48.23566263890415,3.9588468
PYP,nonmetro,.0196658281229968,49.72046271963068,3.7955048
PYP,nonmetro,.0193996604933979,51.20526280035722,3.7441344
PYP,nonmetro,.0191030088199432,52.69006288108376,3.6868806
PYP,nonmetro,.0189388466890263,54.17486296181029,3.6551974
PYP,nonmetro,.018730557872513,55.65966304253684,3.6149976
PYP,nonmetro,.0185738377482574,57.14446312326338,3.5847507
PYP,nonmetro,.0186270458509512,58.62926320398991,3.5950198
PYP,nonmetro,.018965712060156,60.11406328471645,3.6603825
PYP,nonmetro,.0195202271548274,61.598863365443,3.7674038
PYP,nonmetro,.0200247566873008,63.08366344616952,3.864778
PYP,nonmetro,.0205338447592336,64.56846352689607,3.963032
PYP,nonmetro,.0207416564263024,66.05326360762261,4.0031395
PYP,nonmetro,.0203423247403048,67.53806368834914,3.9260688
PYP,nonmetro,.0194988822209142,69.02286376907568,3.7632842
PYP,nonmetro,.0181847088938695,70.50766384980223,3.5096488
PYP,nonmetro,.0164701416978945,71.99246393052876,3.1787374
PYP,nonmetro,.0143075669549007,73.4772640112553,2.7613604
PYP,nonmetro,.0121060498757618,74.96206409198184,2.3364677
PYP,nonmetro,.0096710808055035,76.44686417270837,1.8665186
PYP,nonmetro,.007287628825172,77.93166425343492,1.4065124
PYP,nonmetro,.0052106452840685,79.41646433416146,1.0056546
PYP,nonmetro,.0035699195521912,80.90126441488799,.68899447
PYP,nonmetro,.0023185030770812,82.38606449561453,.44747108
PYP,nonmetro,.0014472264073666,83.87086457634108,.2793147
PYP,nonmetro,.0009885418297165,85.35566465706761,.19078857
PYP,nonmetro,.0007160431787949,86.84046473779415,.13819633
PYP,nonmetro,.000587687901816,88.32526481852069,.11342376
PYP,nonmetro,.0005296733819552,89.81006489924722,.10222697
PYP,nonmetro,.0004359652878596,91.29486497997377,.084141299
PYP,nonmetro,.0003854943256126,92.77966506070031,.074400403
PYP,nonmetro,.0003592358833742,94.26446514142684,.069332525
PYP,nonmetro,.0003151306540183,95.74926522215338,.060820214
PYP,metro,.0005928761796512,24.09188723924797,1.2053173
PYP,metro,.0015278285402498,25.47471847710459,3.1060755
PYP,metro,.0033752689447664,26.85754971496121,6.8619218
PYP,metro,.0060372353519584,28.24038095281783,12.2737
PYP,metro,.0091688320252929,29.62321219067445,18.640236
PYP,metro,.0124614240054098,31.00604342853107,25.334076
PYP,metro,.0159063166810231,32.38887466638768,32.337543
PYP,metro,.0191304470169559,33.7717059042443,38.8922
PYP,metro,.0214802482167906,35.15453714210092,43.669346
PYP,metro,.0233124668337628,36.53736837995754,47.394245
PYP,metro,.0245109988522304,37.92019961781416,49.83086
PYP,metro,.0249780210819658,39.30303085567077,50.780315
PYP,metro,.0250219017129114,40.68586209352739,50.869526
PYP,metro,.0249929765101317,42.06869333138401,50.810722
PYP,metro,.0248304884623006,43.45152456924063,50.480385
PYP,metro,.0243815250648301,44.83435580709725,49.567642
PYP,metro,.023558994763905,46.21718704495386,47.895435
PYP,metro,.0223402330109845,47.60001828281048,45.417694
PYP,metro,.0214969586638182,48.9828495206671,43.703316
PYP,metro,.0205645398346224,50.36568075852372,41.807709
PYP,metro,.0193594746558475,51.74851199638034,39.357811
PYP,metro,.0185349788670774,53.13134323423695,37.681614
PYP,metro,.0185325130932049,54.51417447209357,37.676598
PYP,metro,.0188744360000013,55.89700570995019,38.371727
PYP,metro,.0191393389326703,57.27983694780681,38.910275
PYP,metro,.0196785881456575,58.66266818566343,40.006569
PYP,metro,.0206725596339682,60.04549942352004,42.027313
PYP,metro,.0219963270176817,61.42833066137666,44.718533
PYP,metro,.0233753675185728,62.81116189923328,47.522121
PYP,metro,.0244303602091054,64.19399313708991,49.666924
PYP,metro,.025126427062931,65.57682437494651,51.082027
PYP,metro,.0249708737399331,66.95965561280313,50.765785
PYP,metro,.0235318298069554,68.34248685065975,47.84021
PYP,metro,.0209687360289677,69.72531808851637,42.62944
PYP,metro,.0179198913211998,71.108149326373,36.431141
PYP,metro,.0147352594589085,72.4909805642296,29.956783
PYP,metro,.0115630758124642,73.87381180208622,23.507732
PYP,metro,.0087213051068244,75.25664303994284,17.730413
PYP,metro,.0062941161809828,76.63947427779947,12.795938
PYP,metro,.0046064296195532,78.02230551565609,9.364871
PYP,metro,.0032320058650346,79.40513675351269,6.5706677
PYP,metro,.0022151470067304,80.78796799136931,4.5033937
PYP,metro,.0015019667505569,82.17079922922594,3.0534985
PYP,metro,.0010584227330719,83.55363046708256,2.1517735
PYP,metro,.0007489560006533,84.93646170493918,1.5226276
PYP,metro,.0005517046156373,86.31929294279578,1.1216155
PYP,metro,.000425894602826,87.70212418065241,.86584371
PYP,metro,.0002808841530768,89.08495541850903,.57103747
PYP,metro,.0001613403637842,90.46778665636563,.32800496
PYP,metro,.0000789970200832,91.85061789422227,.16060095
PYA,nonmetro,.0025111695711398,22.62451479536305,.38672012
PYA,nonmetro,.0036432522228111,23.77389763026714,.56106085
PYA,nonmetro,.0047506108649677,24.92328046517124,.73159409
PYA,nonmetro,.006102778358793,26.07266330007533,.93982786
PYA,nonmetro,.0073988507774309,27.22204613497942,1.139423
PYA,nonmetro,.0084462235893866,28.37142896988352,1.3007184
PYA,nonmetro,.0093646454102297,29.52081180478761,1.4421554
PYA,nonmetro,.0106651081810835,30.6701946396917,1.6424266
PYA,nonmetro,.0120327323296637,31.8195774745958,1.8530408
PYA,nonmetro,.0131170821279396,32.96896030949989,2.0200307
PYA,nonmetro,.0140832828981868,34.11834314440399,2.1688256
PYA,nonmetro,.0152017730264806,35.26772597930808,2.341073
PYA,nonmetro,.0167596636661035,36.41710881421217,2.5809882
PYA,nonmetro,.0182265143954243,37.56649164911627,2.8068833
PYA,nonmetro,.0200363942543891,38.71587448402036,3.0856047
PYA,nonmetro,.0220372657081369,39.86525731892445,3.393739
PYA,nonmetro,.0239996618909894,41.01464015382855,3.6959479
PYA,nonmetro,.0254090269191572,42.16402298873264,3.9129901
PYA,nonmetro,.0264124839023457,43.31340582363674,4.0675225
PYA,nonmetro,.0275081854486367,44.46278865854083,4.2362604
PYA,nonmetro,.0280872126083965,45.61217149344492,4.3254309
PYA,nonmetro,.0280326839144083,46.76155432834902,4.3170333
PYA,nonmetro,.0279761248510193,47.91093716325311,4.3083234
PYA,nonmetro,.0281121482366319,49.06031999815721,4.3292708
PYA,nonmetro,.0278737612382556,50.2097028330613,4.2925591
PYA,nonmetro,.027284295024688,51.35908566796539,4.2017813
PYA,nonmetro,.0263118980351639,52.50846850286949,4.0520325
PYA,nonmetro,.0256122604383909,53.65785133777358,3.944288
PYA,nonmetro,.0246717872977499,54.80723417267767,3.7994552
PYA,nonmetro,.0243611499616353,55.95661700758177,3.7516172
PYA,nonmetro,.0251035287817822,57.10599984248586,3.8659434
PYA,nonmetro,.0255717749073533,58.25538267738995,3.9380534
PYA,nonmetro,.0254788911848027,59.40476551229405,3.9237492
PYA,nonmetro,.0249067632694733,60.55414834719814,3.8356416
PYA,nonmetro,.0242544950515014,61.70353118210224,3.7351923
PYA,nonmetro,.0232907009681645,62.85291401700633,3.5867679
PYA,nonmetro,.02188315202973,64.00229685191042,3.3700054
PYA,nonmetro,.0204775526021268,65.15167968681452,3.153543
PYA,nonmetro,.0191655006352423,66.30106252171862,2.9514871
PYA,nonmetro,.0178813815879467,67.45044535662271,2.7537327
PYA,nonmetro,.0163467948988631,68.5998281915268,2.5174065
PYA,nonmetro,.0144178654748967,69.74921102643089,2.2203512
PYA,nonmetro,.012284710236614,70.89859386133499,1.8918453
PYA,nonmetro,.0098449896175894,72.04797669623909,1.5161284
PYA,nonmetro,.0075873637729319,73.19735953114318,1.1684541
PYA,nonmetro,.0061247089603427,74.34674236604727,.94320518
PYA,nonmetro,.0050186250026746,75.49612520095135,.77286828
PYA,nonmetro,.0039722480515498,76.64550803585546,.61172622
PYA,nonmetro,.0029594215745205,77.79489087075956,.45575091
PYA,nonmetro,.0021537356737265,78.94427370566365,.33167529
PYA,metro,.0010732545717933,21.23441799541638,.70620149
PYA,metro,.0021071678556209,22.52306612037124,1.3865165
PYA,metro,.0036264611674068,23.81171424532609,2.3862114
PYA,metro,.0055961206458735,25.10036237028096,3.6822474
PYA,metro,.0078915085687405,26.38901049523581,5.1926126
PYA,metro,.0104146552794532,27.67765862019067,6.8528433
PYA,metro,.0126865166523484,28.96630674514553,8.3477278
PYA,metro,.0149041210568412,30.25495487010039,9.8069115
PYA,metro,.0170767234582837,31.54360299505525,11.236484
PYA,metro,.0188762326543777,32.8322511200101,12.420561
PYA,metro,.0202674083047627,34.12089924496496,13.335955
PYA,metro,.0210316411253549,35.40954736991982,13.83882
PYA,metro,.0214710178482827,36.69819549487468,14.12793
PYA,metro,.0219101500990201,37.98684361982954,14.416879
PYA,metro,.022261970352541,39.2754917447844,14.648376
PYA,metro,.0233235794480038,40.56413986973925,15.346915
PYA,metro,.0250380959563662,41.85278799469411,16.475067
PYA,metro,.0265653415196651,43.14143611964897,17.479994
PYA,metro,.0275990126998971,44.43008424460383,18.160151
PYA,metro,.028156026806193,45.71873236955869,18.526665
PYA,metro,.0281302527324895,47.00738049451354,18.509706
PYA,metro,.0276314713367315,48.2960286194684,18.181509
PYA,metro,.0266512942044327,49.58467674442326,17.536552
PYA,metro,.0250162421728228,50.87332486937812,16.460688
PYA,metro,.0231537735090471,52.16197299433298,15.235183
PYA,metro,.0210333863760051,53.45062111928784,13.839969
PYA,metro,.0197343325005235,54.73926924424269,12.98519
PYA,metro,.0194164393786268,56.02791736919755,12.776017
PYA,metro,.0200486983776449,57.31656549415241,13.192043
PYA,metro,.0208439260781553,58.60521361910727,13.715303
PYA,metro,.0216775810040673,59.89386174406213,14.263848
PYA,metro,.0221455818797733,61.18250986901698,14.571793
PYA,metro,.0222970237888516,62.47115799397184,14.671442
PYA,metro,.0223433550722382,63.7598061189267,14.701927
PYA,metro,.0216163898869466,65.04845424388157,14.223584
PYA,metro,.0202589394493481,66.33710236883641,13.330382
PYA,metro,.01806895087994,67.62575049379127,11.88937
PYA,metro,.0154037701684624,68.91439861874613,10.135681
PYA,metro,.0124893665978945,70.203046743701,8.2180033
PYA,metro,.0097560895709993,71.49169486865586,6.419507
PYA,metro,.0073478876144512,72.7803429936107,4.8349099
PYA,metro,.0054748907632371,74.06899111856558,3.602478
PYA,metro,.003803003023828,75.35763924352042,2.5023761
PYA,metro,.0025945191697221,76.64628736847529,1.7071936
PYA,metro,.0019045689257853,77.93493549343015,1.2532064
PYA,metro,.0014635155261062,79.22358361838499,.9629932
PYA,metro,.0011765293987838,80.51223174333987,.77415633
PYA,metro,.0008480172129282,81.80087986829471,.55799532
PYA,metro,.0006029614831999,83.08952799324958,.39674866
PYA,metro,.0003522525040627,84.37817611820444,.23178215
PTS,nonmetro,.0004077588379189,19.00487903890814,.41754505
PTS,nonmetro,.0020508843598772,20.32457540913695,2.1001055
PTS,nonmetro,.0053009949543045,21.64427177936576,5.4282188
PTS,nonmetro,.00975667495692,22.96396814959457,9.9908352
PTS,nonmetro,.0149585405211832,24.28366451982338,15.317546
PTS,nonmetro,.0200237181045075,25.60336089005219,20.504288
PTS,nonmetro,.0241473764979841,26.92305726028101,24.726913
PTS,nonmetro,.0271185732954227,28.24275363050982,27.769419
PTS,nonmetro,.0283231985032861,29.56245000073863,29.002954
PTS,nonmetro,.0278836082168387,30.88214637096744,28.552814
PTS,nonmetro,.0261331972263552,32.20184274119625,26.760393
PTS,nonmetro,.0248225197339586,33.52153911142506,25.418261
PTS,nonmetro,.0241637700597097,34.84123548165388,24.7437
PTS,nonmetro,.0247917060708323,36.16093185188269,25.386707
PTS,nonmetro,.0259376795648786,37.48062822211151,26.560184
PTS,nonmetro,.0270623762552694,38.80032459234032,27.711874
PTS,nonmetro,.0278269808440782,40.12002096256913,28.494829
PTS,nonmetro,.0278386709619503,41.43971733279794,28.5068
PTS,nonmetro,.028132117872839,42.75941370302675,28.807289
PTS,nonmetro,.0274844697739528,44.07911007325556,28.144096
PTS,nonmetro,.026453903469878,45.39880644348438,27.088797
PTS,nonmetro,.0252937537644455,46.71850281371319,25.900805
PTS,nonmetro,.024351477534712,48.038199183942,24.935913
PTS,nonmetro,.0237061247113886,49.35789555417081,24.275072
PTS,nonmetro,.0229885286530752,50.67759192439962,23.540253
PTS,nonmetro,.0222356003701161,51.99728829462843,22.769255
PTS,nonmetro,.0210238115724836,53.31698466485725,21.528383
PTS,nonmetro,.0201350082515203,54.63668103508606,20.618248
PTS,nonmetro,.019177542347745,55.95637740531487,19.637804
PTS,nonmetro,.0183867138412497,57.27607377554368,18.827995
PTS,nonmetro,.0173168670633413,58.59577014577249,17.732471
PTS,nonmetro,.0158781487446543,59.9154665160013,16.259224
PTS,nonmetro,.0144617120996998,61.23516288623011,14.808793
PTS,nonmetro,.0126844555237646,62.55485925645893,12.988882
PTS,nonmetro,.0110223739658995,63.87455562668774,11.286911
PTS,nonmetro,.0093823586789891,65.19425199691655,9.6075354
PTS,nonmetro,.0076671400722994,66.51394836714536,7.8511515
PTS,nonmetro,.0059660368084562,67.83364473737417,6.1092215
PTS,nonmetro,.0046935176886743,69.15334110760298,4.8061619
PTS,nonmetro,.0035225636127581,70.4730374778318,3.6071053
PTS,nonmetro,.0024621517203092,71.79273384806061,2.5212433
PTS,nonmetro,.0016639697375842,73.11243021828942,1.703905
PTS,nonmetro,.000945414299752,74.43212658851823,.96810424
PTS,nonmetro,.000532774300315,75.75182295874704,.5455609
PTS,nonmetro,.0004034146354495,77.07151932897585,.41309658
PTS,nonmetro,.0003122573875629,78.39121569920467,.31975156
PTS,nonmetro,.0002301087639568,79.71091206943348,.23563138
PTS,nonmetro,.0001948027787541,81.03060843966229,.19947805
PTS,nonmetro,.0001501685045763,82.3503048098911,.15377255
PTS,nonmetro,.00009653345377,83.67000118011993,.098850258
PTS,metro,.0000258930135937,18.90427301142095,.16227151
PTS,metro,.0001260290306077,20.22824337363621,.78982395
PTS,metro,.0010784657110341,21.55221373585146,6.7587447
PTS,metro,.0044908435126881,22.87618409806672,28.144115
PTS,metro,.0110788046372591,24.20015446028198,69.43087
PTS,metro,.0194917557950039,25.52412482249723,122.15483
PTS,metro,.0273098704239569,26.84809518471249,171.15096
PTS,metro,.0324736731532383,28.17206554692775,203.51251
PTS,metro,.0344995259601097,29.496035909143,216.20853
PTS,metro,.0340985885337998,30.82000627135826,213.69586
PTS,metro,.0331566167344765,32.14397663357352,207.79251
PTS,metro,.0323048113604434,33.46794699578877,202.45425
PTS,metro,.0317957938871329,34.79191735800403,199.26424
PTS,metro,.0314639786270479,36.11588772021928,197.18475
PTS,metro,.0318840760400005,37.43985808243454,199.8175
PTS,metro,.0319262442575168,38.7638284446498,200.08177
PTS,metro,.0316129008182848,40.08779880686505,198.11804
PTS,metro,.0303144431199916,41.41176916908031,189.98062
PTS,metro,.0284622571079523,42.73573953129557,178.37297
PTS,metro,.0267265362017361,44.05970989351082,167.49521
PTS,metro,.0257121014110166,45.38368025572608,161.13774
PTS,metro,.0253038790775995,46.70765061794133,158.57941
PTS,metro,.0248628141919564,48.03162098015659,155.81526
PTS,metro,.0237992675016859,49.35559134237185,149.15001
PTS,metro,.022167918830777,50.6795617045871,138.92635
PTS,metro,.0203858399726338,52.00353206680236,127.75806
PTS,metro,.0185647908131371,53.32750242901761,116.34554
PTS,metro,.016898540686252,54.65147279123288,105.90315
PTS,metro,.0152172437265617,55.97544315344813,95.366463
PTS,metro,.0134759295052544,57.29941351566339,84.453651
PTS,metro,.0124451276239614,58.62338387787864,77.993614
PTS,metro,.0115920460476517,59.9473542400939,72.647354
PTS,metro,.0108048614072014,61.27132460230915,67.714066
PTS,metro,.0096343734832726,62.59529496452441,60.37862
PTS,metro,.0080907677208566,63.91926532673966,50.704842
PTS,metro,.006483206459183,65.24323568895493,40.630257
PTS,metro,.0050051091764807,66.56720605117017,31.36702
PTS,metro,.0036165461551705,67.89117641338544,22.664894
PTS,metro,.0024343245318578,69.21514677560069,15.255912
PTS,metro,.0015493157209815,70.53911713781595,9.7095613
PTS,metro,.0009370139735386,71.8630875000312,5.8722668
PTS,metro,.0006622616362648,73.18705786224646,4.1503935
PTS,metro,.0004932888473575,74.51102822446171,3.0914412
PTS,metro,.0003239330651501,75.83499858667697,2.0300884
PTS,metro,.0001926691456445,77.15896894889222,1.2074575
PTS,metro,.0001211521347244,78.48293931110749,.75926042
PTS,metro,.0000536817769163,79.80690967332274,.3364237
PTS,metro,.000031541766011,81.130880035538,.19767225
PTS,metro,.0000305266002044,82.45485039775326,.1913102
PTS,metro,.0000246971065846,83.77882075996851,.15477677
PTA,nonmetro,.0010083146484449,18.565030301504,.78446877
PTA,nonmetro,.0022212491146617,19.65895508686216,1.7281318
PTA,nonmetro,.0038858030436337,20.75287987222032,3.0231547
PTA,nonmetro,.0058874782481247,21.84680465757848,4.5804582
PTA,nonmetro,.0083735538605409,22.94072944293664,6.5146251
PTA,nonmetro,.0114093739064978,24.0346542282948,8.8764925
PTA,nonmetro,.014765806740874,25.12857901365296,11.487798
PTA,nonmetro,.0182429304932093,26.22250379901112,14.193
PTA,nonmetro,.0214576096160505,27.31642858436928,16.694021
PTA,nonmetro,.0240644281357386,28.41035336972744,18.722126
PTA,nonmetro,.0257935229710283,29.5042781550856,20.06736
PTA,nonmetro,.0266777063533196,30.59820294044376,20.755255
PTA,nonmetro,.0270163995220107,31.69212772580192,21.018759
PTA,nonmetro,.0268446759750194,32.78605251116008,20.885159
PTA,nonmetro,.0260961068806691,33.87997729651824,20.302771
PTA,nonmetro,.0248615244442941,34.9739020818764,19.342266
PTA,nonmetro,.023512211631866,36.06782686723456,18.292501
PTA,nonmetro,.0222187012976077,37.16175165259273,17.28615
PTA,nonmetro,.0215043192208006,38.25567643795088,16.73036
PTA,nonmetro,.021426624791459,39.34960122330904,16.669914
PTA,nonmetro,.0215601098372399,40.44352600866721,16.773766
PTA,nonmetro,.0225474272385606,41.53745079402536,17.541899
PTA,nonmetro,.0243252793015769,42.63137557938352,18.925068
PTA,nonmetro,.0266216314139476,43.72530036474169,20.71163
PTA,nonmetro,.0288090940853399,44.81922515009984,22.413475
PTA,nonmetro,.0308752534571087,45.91314993545801,24.020947
PTA,nonmetro,.0324504865584894,47.00707472081616,25.246479
PTA,nonmetro,.0331263292733546,48.10099950617432,25.772284
PTA,nonmetro,.0331623841956296,49.19492429153249,25.800335
PTA,nonmetro,.0325185003607626,50.28884907689064,25.299393
PTA,nonmetro,.0310666634839154,51.3827738622488,24.169865
PTA,nonmetro,.0287817910618993,52.47669864760697,22.392233
PTA,nonmetro,.0263047790229778,53.57062343296512,20.465118
PTA,nonmetro,.0243307893783584,54.66454821832329,18.929354
PTA,nonmetro,.0226909127844539,55.75847300368145,17.65353
PTA,nonmetro,.0209679537648614,56.8523977890396,16.313068
PTA,nonmetro,.0190991484035948,57.94632257439777,14.859138
PTA,nonmetro,.017312917662466,59.04024735975592,13.46945
PTA,nonmetro,.0153048662259759,60.13417214511408,11.907186
PTA,nonmetro,.0134896295069469,61.22809693047225,10.494932
PTA,nonmetro,.0118416178884017,62.3220217158304,9.212779
PTA,nonmetro,.0100598270210436,63.41594650118857,7.8265452
PTA,nonmetro,.0082679702521854,64.50987128654673,6.4324808
PTA,nonmetro,.0063443880021377,65.60379607190488,4.9359341
PTA,nonmetro,.0048270196024825,66.69772085726305,3.7554212
PTA,nonmetro,.003470313818203,67.79164564262121,2.6999042
PTA,nonmetro,.0024596551256987,68.88557042797936,1.9136117
PTA,nonmetro,.0015878873419443,69.97949521333753,1.2353764
PTA,nonmetro,.0009857368771941,71.07341999869568,.76690328
PTA,nonmetro,.0005353373801187,72.16734478405385,.41649249
PTA,metro,.0014087836037077,19.66665566328685,3.3571312
PTA,metro,.0030237537224552,20.84949146420426,7.205605
PTA,metro,.0052157466161906,22.03232726512166,12.429124
PTA,metro,.0080524566625054,23.21516306603906,19.189005
PTA,metro,.0113864725087974,24.39799886695646,27.133965
PTA,metro,.0147825673561784,25.58083466787386,35.226856
PTA,metro,.0179484106617762,26.76367046879126,42.771061
PTA,metro,.0211925835412523,27.94650626970866,50.501926
PTA,metro,.0236091403048496,29.12934207062606,56.260582
PTA,metro,.025786010849328,30.31217787154346,61.448063
PTA,metro,.0273068520743467,31.49501367246086,65.072227
PTA,metro,.0277197287962918,32.67784947337826,66.056114
PTA,metro,.0274424417943855,33.86068527429566,65.39534
PTA,metro,.0269546679500576,35.04352107521306,64.232971
PTA,metro,.0265372254545183,36.22635687613047,63.238209
PTA,metro,.0263122863633149,37.40919267704787,62.702179
PTA,metro,.0260437058521087,38.59202847796527,62.062153
PTA,metro,.026407366467462,39.77486427888267,62.928753
PTA,metro,.0276122333954842,40.95770007980007,65.79995
PTA,metro,.0287460713178612,42.14053588071747,68.501884
PTA,metro,.0299559302545695,43.32337168163487,71.384979
PTA,metro,.0314613177529491,44.50620748255227,74.972321
PTA,metro,.0325790641771538,45.68904328346967,77.63591
PTA,metro,.0324492111168602,46.87187908438708,77.326469
PTA,metro,.0314456931419224,48.05471488530448,74.935089
PTA,metro,.0296407079857587,49.23755068622188,70.633804
PTA,metro,.0277539824427361,50.42038648713928,66.137741
PTA,metro,.0255799534535163,51.60322228805668,60.957027
PTA,metro,.0237663424743524,52.78605808897408,56.635193
PTA,metro,.02229941716943,53.96889388989148,53.139511
PTA,metro,.0209698741035917,55.15172969080888,49.97121
PTA,metro,.0194756568459589,56.33456549172628,46.410492
PTA,metro,.0179861480668268,57.51740129264368,42.860992
PTA,metro,.0162980546793909,58.70023709356109,38.838264
PTA,metro,.0147755355285937,59.88307289447849,35.210102
PTA,metro,.0131413487027671,61.06590869539588,31.315834
PTA,metro,.011642714092221,62.24874449631329,27.744587
PTA,metro,.0098718188897942,63.43158029723069,23.524544
PTA,metro,.0080307531641075,64.6144160981481,19.137285
PTA,metro,.0063058730410233,65.79725189906549,15.026896
PTA,metro,.0048834499035209,66.98008769998289,11.637261
PTA,metro,.0036394032940788,68.16292350090029,8.672698
PTA,metro,.0026078478680286,69.34575930181769,6.2145014
PTA,metro,.001780806063101,70.5285951027351,4.2436609
PTA,metro,.0012144362470349,71.71143090365248,2.8940015
PTA,metro,.0008287749913645,72.8942667045699,1.9749708
PTA,metro,.0005149482582757,74.07710250548729,1.2271217
PTA,metro,.0002520988616519,75.25993830640471,.60075158
PTA,metro,.0001442083369149,76.44277410732209,.34364846
PTA,metro,.0000834039214828,77.6256099082395,.19875154
POD,nonmetro,.0074686467935792,27.10933104228179,.3659637
POD,nonmetro,.0095475679339715,28.1364034626339,.46783084
POD,nonmetro,.0113981061833829,29.163475882986,.5585072
POD,nonmetro,.0131269452998361,30.19054830333811,.64322031
POD,nonmetro,.0147574325181238,31.21762072369022,.72311419
POD,nonmetro,.0163356016511238,32.24469314404233,.80044448
POD,nonmetro,.0177550947628467,33.27176556439444,.86999965
POD,nonmetro,.018801677459377,34.29883798474654,.92128217
POD,nonmetro,.0201749208655139,35.32591040509865,.98857111
POD,nonmetro,.0212087872386988,36.35298282545076,1.0392306
POD,nonmetro,.0224133069169988,37.38005524580287,1.0982521
POD,nonmetro,.0230803581984534,38.40712766615498,1.1309376
POD,nonmetro,.0231618119658178,39.43420008650708,1.1349288
POD,nonmetro,.0227452676893042,40.46127250685919,1.1145182
POD,nonmetro,.0219179968343165,41.4883449272113,1.0739819
POD,nonmetro,.0207033746434359,42.51541734756341,1.0144653
POD,nonmetro,.0194272881602553,43.54248976791551,.95193714
POD,nonmetro,.0186756119896225,44.56956218826763,.91510499
POD,nonmetro,.0185695452277694,45.59663460861972,.9099077
POD,nonmetro,.0190272545327767,46.62370702897184,.9323355
POD,nonmetro,.0204161067236784,47.65077944932394,1.0003892
POD,nonmetro,.0222401797715474,48.67785186967605,1.0897688
POD,nonmetro,.0238664119407448,49.70492429002816,1.1694542
POD,nonmetro,.0252257751947035,50.73199671038027,1.236063
POD,nonmetro,.0264304854498817,51.75906913073237,1.2950938
POD,nonmetro,.0277517547043944,52.78614155108448,1.359836
POD,nonmetro,.0291212674453583,53.81321397143659,1.4269421
POD,nonmetro,.0301113717710184,54.8402863917887,1.4754572
POD,nonmetro,.0306922709850633,55.86735881214081,1.5039213
POD,nonmetro,.031370986385582,56.89443123249291,1.5371783
POD,nonmetro,.0321697956919794,57.92150365284502,1.5763199
POD,nonmetro,.0325492156777357,58.94857607319713,1.5949116
POD,nonmetro,.0321757245739473,59.97564849354924,1.5766104
POD,nonmetro,.0310493223806144,61.00272091390134,1.5214168
POD,nonmetro,.0296448585374233,62.02979333425346,1.4525981
POD,nonmetro,.0276298617609211,63.05686575460556,1.3538632
POD,nonmetro,.0251478019339438,64.08393817495767,1.2322423
POD,nonmetro,.022259488449226,65.11101059530978,1.0907149
POD,nonmetro,.0192169836459198,66.13808301566189,.94163221
POD,nonmetro,.0162729482435733,67.16515543601399,.79737449
POD,nonmetro,.0136174001806865,68.19222785636609,.6672526
POD,nonmetro,.0118484713164661,69.2193002767182,.58057511
POD,nonmetro,.0099263434824297,70.24637269707031,.48639083
POD,nonmetro,.0080698749320802,71.27344511742243,.39542386
POD,nonmetro,.0063222912638222,72.30051753777454,.30979228
POD,nonmetro,.0047001432875602,73.32758995812664,.23030703
POD,nonmetro,.0035911245375354,74.35466237847874,.1759651
POD,nonmetro,.0027525593682298,75.38173479883085,.1348754
POD,nonmetro,.0019014335182739,76.40880721918296,.093170241
POD,metro,.0037115862092307,25.44296594716786,.93531972
POD,metro,.005722770501414,26.60755343270859,1.4421382
POD,metro,.0081671644719088,27.77214091824932,2.0581255
POD,metro,.0109923759940817,28.93672840379006,2.7700787
POD,metro,.0136855185376101,30.10131588933079,3.4487507
POD,metro,.0159689885986716,31.26590337487152,4.0241852
POD,metro,.0180525503267396,32.43049086041226,4.5492425
POD,metro,.0196790891183374,33.59507834595298,4.9591303
POD,metro,.0207566629675032,34.75966583149372,5.230679
POD,metro,.0211828655660697,35.92425331703446,5.3380823
POD,metro,.0211833937049583,37.08884080257518,5.3382154
POD,metro,.0213807353114714,38.25342828811592,5.3879452
POD,metro,.0220736958998881,39.41801577365665,5.5625715
POD,metro,.0234787709720436,40.58260325919738,5.9166503
POD,metro,.0251003362486059,41.74719074473812,6.325285
POD,metro,.0268812187350746,42.91177823027886,6.7740669
POD,metro,.0287119345819762,44.07636571581958,7.2354074
POD,metro,.0302289833708347,45.24095320136031,7.6177039
POD,metro,.03125801103627,46.40554068690105,7.8770189
POD,metro,.0328396048383264,47.57012817244178,8.2755804
POD,metro,.0336355832825947,48.73471565798252,8.4761667
POD,metro,.0335691493639916,49.89930314352325,8.4594259
POD,metro,.032470208227005,51.06389062906398,8.1824923
POD,metro,.0306843404441781,52.22847811460471,7.7324538
POD,metro,.0285733361263098,53.39306560014545,7.2004809
POD,metro,.0268050553438893,54.55765308568618,6.7548738
POD,metro,.0256860673600253,55.72224057122691,6.4728889
POD,metro,.0247023144674178,56.88682805676765,6.2249832
POD,metro,.0239370540471764,58.05141554230838,6.0321374
POD,metro,.0231305424093836,59.21600302784911,5.8288965
POD,metro,.0217663399383048,60.38059051338985,5.4851174
POD,metro,.0203144572518854,61.54517799893058,5.1192431
POD,metro,.0194304086652366,62.70976548447131,4.8964629
POD,metro,.0181765714426418,63.87435297001205,4.5804958
POD,metro,.0165600157883242,65.03894045555278,4.1731238
POD,metro,.014629159950496,66.20352794109351,3.6865482
POD,metro,.0126113558315776,67.36811542663423,3.1780617
POD,metro,.0102605395466414,68.53270291217498,2.5856559
POD,metro,.008172361464574,69.69729039771571,2.0594351
POD,metro,.0063398067258864,70.86187788325644,1.5976313
POD,metro,.0048297847240798,72.02646536879718,1.2171057
POD,metro,.0038577037215715,73.19105285433791,.97214133
POD,metro,.0032759151401847,74.35564033987865,.82553059
POD,metro,.0026656673604115,75.52022782541937,.67174816
POD,metro,.0021443880254434,76.68481531096012,.54038578
POD,metro,.001790281245674,77.84940279650084,.45115086
POD,metro,.0013463675846504,79.01399028204158,.33928463
POD,metro,.000973476834807,80.17857776758231,.24531616
POD,metro,.0007948617719259,81.34316525312303,.20030516
POD,metro,.0005622174804723,82.50775273866378,.14167881
PA,nonmetro,.0015290971480957,20.59507893284987,1.4526423
PA,nonmetro,.0036703305314525,21.78941296961827,3.486814
PA,nonmetro,.0071203400282805,22.98374700638667,6.7643232
PA,nonmetro,.0114643501208521,24.17808104315506,10.891132
PA,nonmetro,.0160752934904746,25.37241507992346,15.271529
PA,nonmetro,.0208739875216171,26.56674911669185,19.830288
PA,nonmetro,.0258990034070498,27.76108315346025,24.604053
PA,nonmetro,.0304864052982886,28.95541719022864,28.962086
PA,nonmetro,.0335677097162454,30.14975122699704,31.889324
PA,nonmetro,.0350228558789929,31.34408526376544,33.271713
PA,nonmetro,.0347238686846886,32.53841930053383,32.987675
PA,nonmetro,.0335283227645298,33.73275333730223,31.851906
PA,nonmetro,.0318465320959183,34.92708737407062,30.254206
PA,nonmetro,.0302490249328698,36.12142141083902,28.736574
PA,nonmetro,.0285392303795119,37.31575544760742,27.112268
PA,nonmetro,.0265492444112974,38.51008948437581,25.221783
PA,nonmetro,.0248153924867621,39.70442352114421,23.574623
PA,nonmetro,.023870514485755,40.8987575579126,22.676989
PA,nonmetro,.0239020766268526,42.093091594681,22.706972
PA,nonmetro,.0237651623262358,43.2874256314494,22.576904
PA,nonmetro,.023342399512413,44.48175966821779,22.17528
PA,nonmetro,.0224150183123125,45.67609370498619,21.294268
PA,nonmetro,.0215613856237688,46.87042774175458,20.483316
PA,nonmetro,.0208000242299394,48.06476177852298,19.760023
PA,nonmetro,.0201646427595045,49.25909581529137,19.15641
PA,nonmetro,.0194744519248991,50.45342985205976,18.500729
PA,nonmetro,.0189151825108851,51.64776388882816,17.969423
PA,nonmetro,.0182789025100719,52.84209792559656,17.364958
PA,nonmetro,.0178747094798044,54.03643196236495,16.980974
PA,nonmetro,.0177123523259607,55.23076599913335,16.826735
PA,nonmetro,.0175113159435109,56.42510003590174,16.63575
PA,nonmetro,.0168430943311178,57.61943407267014,16.00094
PA,nonmetro,.0158517981718854,58.81376810943853,15.059208
PA,nonmetro,.0148783133076476,60.00810214620693,14.134398
PA,nonmetro,.013944369922237,61.20243618297533,13.247151
PA,nonmetro,.0129125995787659,62.39677021974372,12.26697
PA,nonmetro,.0120281477422116,63.59110425651212,11.426741
PA,nonmetro,.0113214940236907,64.78543829328052,10.75542
PA,nonmetro,.0104726669006463,65.97977233004892,9.9490337
PA,nonmetro,.0094892102152477,67.17410636681731,9.0147495
PA,nonmetro,.0083841070846267,68.36844040358571,7.9649019
PA,nonmetro,.0071549037143471,69.5627744403541,6.7971587
PA,nonmetro,.0057238543530469,70.7571084771225,5.4376616
PA,nonmetro,.0043132226938687,71.9514425138909,4.0975614
PA,nonmetro,.0031021127394807,73.14577655065929,2.9470072
PA,nonmetro,.0019946692977139,74.34011058742769,1.8949358
PA,nonmetro,.001157528961884,75.53444462419608,1.0996525
PA,nonmetro,.0007003460883854,76.72877866096448,.6653288
PA,nonmetro,.0004487692976131,77.92311269773286,.42633083
PA,nonmetro,.0003097428604949,79.11744673450126,.2942557
PA,metro,.0009400225932219,21.01950756636344,5.1823444
PA,metro,.0033673937580526,22.16628987776723,18.564442
PA,metro,.0085392821522773,23.31307218917102,47.077061
PA,metro,.0159728148141958,24.45985450057481,88.058128
PA,metro,.024094655818077,25.6066368119786,132.83383
PA,metro,.031908171114555,26.75341912338239,175.90974
PA,metro,.0381339500786316,27.90020143478619,210.23247
PA,metro,.0419326631035779,29.04698374618998,231.17477
PA,metro,.0432131621902247,30.19376605759377,238.23416
PA,metro,.0426737164497682,31.34054836899756,235.26019
PA,metro,.0412409186795552,32.48733068040136,227.36119
PA,metro,.038971991601023,33.63411299180515,214.85258
PA,metro,.0363717557084583,34.78089530320894,200.51749
PA,metro,.0338675862370402,35.92767761461273,186.71201
PA,metro,.0318361902929829,37.07445992601652,175.51292
PA,metro,.0301528197104812,38.22124223742031,166.2325
PA,metro,.0285822601671272,39.3680245488241,157.57401
PA,metro,.0268467747165128,40.51480686022789,148.00627
PA,metro,.025343412412156,41.66158917163169,139.71823
PA,metro,.0239963970948998,42.80837148303548,132.29214
PA,metro,.0229288880791204,43.95515379443927,126.40696
PA,metro,.0224129086719107,45.10193610584306,123.56236
PA,metro,.0217918194649486,46.24871841724685,120.1383
PA,metro,.0209846099504983,47.39550072865065,115.68816
PA,metro,.0196532302529165,48.54228304005444,108.34826
PA,metro,.0181877240408763,49.68906535145823,100.26892
PA,metro,.0165665626062369,50.83584766286202,91.331459
PA,metro,.0149918733414668,51.98262997426581,82.6502
PA,metro,.0141809161896929,53.1294122856696,78.17939
PA,metro,.0135654234476146,54.27619459707339,74.786179
PA,metro,.0130608291292912,55.42297690847719,72.004349
PA,metro,.0122705828942649,56.56975921988098,67.64772
PA,metro,.011380111980377,57.71654153128477,62.738556
PA,metro,.0104210336625982,58.86332384268856,57.45116
PA,metro,.009509516075997,60.01010615409235,52.425961
PA,metro,.0090716490667543,61.15688846549615,50.012001
PA,metro,.0087223175924243,62.30367077689994,48.086136
PA,metro,.0084176751344344,63.45045308830373,46.406643
PA,metro,.0076265406430654,64.59723539970753,42.04512
PA,metro,.0065672052618923,65.74401771111131,36.205002
PA,metro,.0054373383673758,66.89080002251509,29.976046
PA,metro,.0044192877098464,68.03758233391889,24.363533
PA,metro,.0034556440016094,69.18436464532269,19.050966
PA,metro,.0026813512239783,70.33114695672649,14.78229
PA,metro,.0020552811977558,71.47792926813027,11.330765
PA,metro,.0015047911885482,72.62471157953405,8.2959137
PA,metro,.0009236916647263,73.77149389093785,5.0923123
PA,metro,.0005121225621538,74.91827620234164,2.8233316
PA,metro,.0003009700036568,76.06505851374544,1.6592476
PA,metro,.0001698856624739,77.21184082514922,.93657964
OTS,nonmetro,.0032622722587666,19.64250543025647,1.5365303
OTS,nonmetro,.006200217332862,20.73446926733746,2.9203024
OTS,nonmetro,.0090575424180311,21.82643310441844,4.2661023
OTS,nonmetro,.0117720676194896,22.91839694149942,5.5446439
OTS,nonmetro,.0145015154526352,24.01036077858041,6.8302135
OTS,nonmetro,.016927899028265,25.10232461566139,7.9730406
OTS,nonmetro,.0189578438225211,26.19428845274238,8.9291449
OTS,nonmetro,.0206562143450784,27.28625228982336,9.7290773
OTS,nonmetro,.0218274938869264,28.37821612690435,10.280749
OTS,nonmetro,.0225210132178889,29.47017996398533,10.607397
OTS,nonmetro,.0227109230132224,30.56214380106631,10.696845
OTS,nonmetro,.0228982191729084,31.6541076381473,10.785061
OTS,nonmetro,.0237427676414518,32.74607147522828,11.182843
OTS,nonmetro,.0255259409173267,33.83803531230927,12.022718
OTS,nonmetro,.0280437420154682,34.92999914939026,13.208603
OTS,nonmetro,.030137485866096,36.02196298647124,14.194756
OTS,nonmetro,.0316367541598467,37.11392682355222,14.900911
OTS,nonmetro,.0323148507842363,38.2058906606332,15.220295
OTS,nonmetro,.0323431614142123,39.29785449771418,15.233629
OTS,nonmetro,.0315222704961761,40.38981833479517,14.84699
OTS,nonmetro,.0300433052541831,41.48178217187616,14.150396
OTS,nonmetro,.0283884060805509,42.57374600895714,13.370939
OTS,nonmetro,.026906362826176,43.66570984603813,12.672897
OTS,nonmetro,.025222996869999,44.75767368311911,11.880032
OTS,nonmetro,.0240540085394809,45.84963752020009,11.329438
OTS,nonmetro,.0231403103369514,46.94160135728108,10.899086
OTS,nonmetro,.0227083908092077,48.03356519436206,10.695652
OTS,nonmetro,.0231247097697842,49.12552903144305,10.891738
OTS,nonmetro,.0233713212573348,50.21749286852403,11.007893
OTS,nonmetro,.0234026953501578,51.30945670560502,11.02267
OTS,nonmetro,.0230400414202112,52.401420542686,10.851859
OTS,nonmetro,.0226614065999616,53.49338437976699,10.673523
OTS,nonmetro,.0217334362997374,54.58534821684797,10.236448
OTS,nonmetro,.0207572372153024,55.67731205392895,9.776659
OTS,nonmetro,.0200544241694903,56.76927589100994,9.4456339
OTS,nonmetro,.0192108975262213,57.86123972809092,9.0483332
OTS,nonmetro,.0179915568715274,58.9532035651719,8.4740229
OTS,nonmetro,.0166398962135973,60.04516740225289,7.8373909
OTS,nonmetro,.0148879224378084,61.13713123933388,7.0122113
OTS,nonmetro,.0132383297378696,62.22909507641486,6.2352533
OTS,nonmetro,.0114417693943403,63.32105891349584,5.3890734
OTS,nonmetro,.0095641183116419,64.41302275057683,4.5046997
OTS,nonmetro,.007637947748274,65.50498658765781,3.5974734
OTS,nonmetro,.0057455595716231,66.59695042473879,2.7061586
OTS,nonmetro,.004083055786675,67.68891426181978,1.9231193
OTS,nonmetro,.0027528119371557,68.78087809890076,1.2965745
OTS,nonmetro,.0019742085364814,69.87284193598174,.92985225
OTS,nonmetro,.0014455796307657,70.96480577306274,.68086803
OTS,nonmetro,.0010427067966926,72.05676961014372,.49111491
OTS,nonmetro,.0006855301846777,73.1487334472247,.32288471
OTS,metro,.0011928263848165,20.19395043359448,3.7538247
OTS,metro,.0051353037365183,21.83746098455953,16.160801
OTS,metro,.0125195246235384,23.48097153552458,39.398945
OTS,metro,.0211732088245128,25.12448208648963,66.632088
OTS,metro,.0293193271608236,26.76799263745468,92.267921
OTS,metro,.0340799065030287,28.41150318841973,107.24947
OTS,metro,.0354335428024782,30.05501373938478,111.50936
OTS,metro,.034957584851888,31.69852429034983,110.01152
OTS,metro,.0331373028210926,33.34203484131488,104.28309
OTS,metro,.0308701457940588,34.98554539227993,97.148346
OTS,metro,.029114954618076,36.62905594324498,91.624763
OTS,metro,.0276942427105455,38.27256649421003,87.153778
OTS,metro,.0265463597473935,39.91607704517507,83.541397
OTS,metro,.0254547784059403,41.55958759614013,80.106186
OTS,metro,.0250141823208239,43.20309814710517,78.719635
OTS,metro,.0254929836717099,44.84660869807023,80.226418
OTS,metro,.0258060963589186,46.49011924903527,81.211784
OTS,metro,.0254076511437889,48.13362980000032,79.957878
OTS,metro,.0233292877486161,49.77714035096538,73.417267
OTS,metro,.0202328262986379,51.42065090193042,63.672703
OTS,metro,.0176877355874263,53.06416145289548,55.663303
OTS,metro,.0163668509921883,54.70767200386052,51.506481
OTS,metro,.015445587906216,56.35118255482557,48.607265
OTS,metro,.0146189889806718,57.99469310579062,46.005959
OTS,metro,.0131899913129208,59.63820365675567,41.508904
OTS,metro,.0113940559301238,61.28171420772072,35.857094
OTS,metro,.0093071123525611,62.92522475868577,29.289482
OTS,metro,.0070221911828733,64.56873530965082,22.098835
OTS,metro,.0049317544402278,66.21224586061587,15.520231
OTS,metro,.0031622224929939,67.85575641158093,9.9515142
OTS,metro,.0016520591573098,69.49926696254596,5.1990304
OTS,metro,.0008149534522264,71.14277751351102,2.5646584
OTS,metro,.0003017042536538,72.78628806447607,.94946331
OTS,metro,.000059547464156,74.42979861544112,.18739587
OTS,metro,.0000493569932848,76.07330916640618,.15532646
OTS,metro,.0000887097680895,77.71681971737121,.27916965
OTS,metro,.0001039945027297,79.36033026833627,.32727069
OTS,metro,.0000921562662091,81.00384081930132,.29001576
OTS,metro,.0000531950585279,82.64735137026636,.16740485
OTS,metro,6.86890589346e-07,84.29086192123141,.0021616446
OTS,metro,0,85.93437247219647,0
OTS,metro,0,87.57788302316152,0
OTS,metro,0,89.22139357412657,0
OTS,metro,0,90.86490412509161,0
OTS,metro,0,92.50841467605666,0
OTS,metro,6.38789231168e-07,94.15192522702171,.0020102698
OTS,metro,.0000312697358058,95.79543577798677,.09840586
OTS,metro,.0000483391968001,97.43894632895182,.15212345
OTS,metro,.0000518471722141,99.08245687991686,.16316305
OTS,metro,.0000417936620477,100.7259674308819,.13152465
OTA,nonmetro,.0034149663847216,17.46420671055341,1.3933063
OTA,nonmetro,.0058942278417756,18.6075330315212,2.404845
OTA,nonmetro,.0091475187699431,19.75085935248898,3.7321877
OTA,nonmetro,.0125665525890584,20.89418567345677,5.1271534
OTA,nonmetro,.0157846274753395,22.03751199442456,6.4401278
OTA,nonmetro,.0190817548991285,23.18083831539235,7.785356
OTA,nonmetro,.0220438571833502,24.32416463636013,8.9938936
OTA,nonmetro,.0244720155790457,25.46749095732792,9.9845819
OTA,nonmetro,.0267905963428398,26.61081727829571,10.930563
OTA,nonmetro,.0283263607028143,27.7541435992635,11.557156
OTA,nonmetro,.0291276191402415,28.89746992023128,11.884068
OTA,nonmetro,.0293134259878775,30.04079624119907,11.959878
OTA,nonmetro,.0293797832128184,31.18412256216686,11.986952
OTA,nonmetro,.0291105984920392,32.32744888313465,11.877124
OTA,nonmetro,.0288590968216519,33.47077520410244,11.774511
OTA,nonmetro,.0288903795042828,34.61410152507023,11.787275
OTA,nonmetro,.0289931599536701,35.75742784603801,11.829209
OTA,nonmetro,.0289416028382835,36.9007541670058,11.808174
OTA,nonmetro,.0285675229842319,38.04408048797359,11.655549
OTA,nonmetro,.0275022529974672,39.18740680894138,11.22092
OTA,nonmetro,.0264322164877231,40.33073312990916,10.784345
OTA,nonmetro,.0257117456895645,41.47405945087695,10.490393
OTA,nonmetro,.024781381684095,42.61738577184474,10.110804
OTA,nonmetro,.0239891777372814,43.76071209281253,9.7875843
OTA,nonmetro,.0233865076823052,44.90403841378031,9.5416956
OTA,nonmetro,.0225846198498206,46.0473647347481,9.2145252
OTA,nonmetro,.0215936131224043,47.19069105571589,8.810194
OTA,nonmetro,.0204703174675642,48.33401737668368,8.3518896
OTA,nonmetro,.0197676202013655,49.47734369765146,8.0651894
OTA,nonmetro,.019588839088616,50.62067001861925,7.9922462
OTA,nonmetro,.0197901003122083,51.76399633958704,8.0743608
OTA,nonmetro,.019515044166063,52.90732266055483,7.9621382
OTA,nonmetro,.0187935485612295,54.05064898152261,7.667768
OTA,nonmetro,.0176403975043701,55.1939753024904,7.1972823
OTA,nonmetro,.0165905581370994,56.33730162345819,6.7689476
OTA,nonmetro,.01537295928903,57.48062794442598,6.2721672
OTA,nonmetro,.0140399868396955,58.62395426539376,5.7283144
OTA,nonmetro,.01275434132602,59.76728058636155,5.2037711
OTA,nonmetro,.0111944111137441,60.91060690732934,4.5673199
OTA,nonmetro,.0093810810825839,62.05393322829713,3.827481
OTA,nonmetro,.0075874447499186,63.19725954926491,3.0956774
OTA,nonmetro,.0060436531506153,64.3405858702327,2.4658105
OTA,nonmetro,.0048052245222007,65.48391219120049,1.9605316
OTA,nonmetro,.0040067646510308,66.62723851216828,1.63476
OTA,nonmetro,.0032289655958676,67.77056483313606,1.317418
OTA,nonmetro,.0023796579377953,68.91389115410385,.97090042
OTA,nonmetro,.0015424629410322,70.05721747507164,.62932485
OTA,nonmetro,.0011575944705323,71.20054379603943,.47229853
OTA,nonmetro,.0008383062920557,72.34387011700721,.34202898
OTA,nonmetro,.0005989338513726,73.487196437975,.24436501
OTA,metro,.0006583941055017,17.2181896222686,.92241013
OTA,metro,.0021861607480162,18.92018923008169,3.0628111
OTA,metro,.0053838002608924,20.62218883789477,7.5427041
OTA,metro,.0102576971009022,22.32418844570786,14.371034
OTA,metro,.0161658006565153,24.02618805352095,22.648287
OTA,metro,.0220905804986855,25.72818766133404,30.948904
OTA,metro,.0272771756130685,27.43018726914713,38.215324
OTA,metro,.0305241420597689,29.13218687696021,42.764324
OTA,metro,.0313038512341968,30.8341864847733,43.856697
OTA,metro,.0301287929925653,32.53618609258639,42.210438
OTA,metro,.0284469712159778,34.23818570039948,39.854206
OTA,metro,.0273499753770507,35.94018530821256,38.317314
OTA,metro,.0265476286096158,37.64218491602566,37.193226
OTA,metro,.0263714103371692,39.34418452383874,36.946346
OTA,metro,.0267329132938372,41.04618413165183,37.452812
OTA,metro,.0268410217119862,42.74818373946492,37.604271
OTA,metro,.0269241594475895,44.45018334727801,37.720749
OTA,metro,.0268842280511757,46.15218295509109,37.664803
OTA,metro,.0263673196495308,47.85418256290419,36.940617
OTA,metro,.0249287759006474,49.55618217071727,34.925217
OTA,metro,.0228679086079703,51.25818177853036,32.037941
OTA,metro,.0203675102145132,52.96018138634345,28.534882
OTA,metro,.0182572309705343,54.66218099415654,25.578381
OTA,metro,.0164241114922052,56.36418060196962,23.01018
OTA,metro,.0145657311343755,58.06618020978272,20.40659
OTA,metro,.0125647680134638,59.7681798175958,17.603239
OTA,metro,.0106767570481447,61.47017942540889,14.958137
OTA,metro,.0084822803838637,63.17217903322197,11.883675
OTA,metro,.006528161661059,64.87417864103506,9.1459541
OTA,metro,.0047656878259449,66.57617824884815,6.6767287
OTA,metro,.0033863322872452,68.27817785666125,4.7442517
OTA,metro,.0022798166053347,69.98017746447434,3.1940231
OTA,metro,.0014116881713446,71.68217707228742,1.9777751
OTA,metro,.0006953271139639,73.3841766801005,.97415328
OTA,metro,.0003522323134443,75.08617628791359,.49347746
OTA,metro,.0001165212354862,76.78817589572668,.16324624
OTA,metro,.0000492961868193,78.49017550353977,.069063954
OTA,metro,0,80.19217511135287,0
OTA,metro,0,81.89417471916595,0
OTA,metro,0,83.59617432697904,0
OTA,metro,0,85.29817393479212,0
OTA,metro,0,87.00017354260521,0
OTA,metro,0,88.7021731504183,0
OTA,metro,0,90.40417275823138,0
OTA,metro,0,92.10617236604448,0
OTA,metro,.000036777430203,93.80817197385757,.051525179
OTA,metro,.0000748218008772,95.51017158167065,.10482534
OTA,metro,.0000943274935926,97.21217118948374,.13215283
OTA,metro,.0000952945083493,98.91417079729683,.13350761
OTA,metro,.0000777228451471,100.6161704051099,.10888971
OPM,nonmetro,.0014663482275438,21.10647869096258,.29033694
OPM,nonmetro,.0028883975171859,22.44231058224486,.57190269
OPM,nonmetro,.0045282709811376,23.77814247352714,.89659768
OPM,nonmetro,.0064864277327813,25.11397436480942,1.2843127
OPM,nonmetro,.0085215502240974,26.44980625609171,1.6872669
OPM,nonmetro,.0103343912805334,27.78563814737399,2.0462096
OPM,nonmetro,.0121696042086483,29.12147003865627,2.4095817
OPM,nonmetro,.0136578083223456,30.45730192993855,2.704246
OPM,nonmetro,.0148267636209606,31.79313382122084,2.9356992
OPM,nonmetro,.0153576832462776,33.12896571250312,3.0408213
OPM,nonmetro,.0157884709902788,34.4647976037854,3.1261172
OPM,nonmetro,.0160782051162467,35.80062949506768,3.1834846
OPM,nonmetro,.0162096092434168,37.13646138634996,3.2095027
OPM,nonmetro,.0158168829777248,38.47229327763225,3.1317427
OPM,nonmetro,.0152657509595367,39.80812516891453,3.0226188
OPM,nonmetro,.0153578647897837,41.14395706019681,3.0408573
OPM,nonmetro,.0160117537855061,42.47978895147909,3.1703272
OPM,nonmetro,.0173527649494602,43.81562084276138,3.4358475
OPM,nonmetro,.0183552098971049,45.15145273404366,3.6343315
OPM,nonmetro,.0197075299330799,46.48728462532594,3.902091
OPM,nonmetro,.0213180857343726,47.82311651660822,4.2209811
OPM,nonmetro,.0231971995530988,49.15894840789051,4.5930457
OPM,nonmetro,.0245490342866376,50.49478029917279,4.8607087
OPM,nonmetro,.0256768637020038,51.83061219045507,5.0840192
OPM,nonmetro,.0265759986316372,53.16644408173736,5.2620478
OPM,nonmetro,.0276529211025949,54.50227597301964,5.4752784
OPM,nonmetro,.028544109504069,55.83810786430193,5.6517339
OPM,nonmetro,.0288867824972121,57.17393975558421,5.719583
OPM,nonmetro,.0290959377329577,58.50977164686649,5.7609959
OPM,nonmetro,.0290771450460443,59.84560353814877,5.7572746
OPM,nonmetro,.0294156992047182,61.18143542943106,5.8243084
OPM,nonmetro,.0287522654029939,62.51726732071334,5.6929483
OPM,nonmetro,.0272176164310781,63.85309921199562,5.3890882
OPM,nonmetro,.0252182050806967,65.1889311032779,4.9932046
OPM,nonmetro,.0230314813974065,66.52476299456018,4.5602331
OPM,nonmetro,.0205284383777942,67.86059488584246,4.064631
OPM,nonmetro,.0176762782915907,69.19642677712474,3.4999032
OPM,nonmetro,.014354036543122,70.53225866840703,2.8420992
OPM,nonmetro,.0112183490851253,71.86809055968931,2.2212331
OPM,nonmetro,.0082170310734973,73.20392245097159,1.6269722
OPM,nonmetro,.0056741466603839,74.53975434225387,1.123481
OPM,nonmetro,.0037492117926475,75.87558623353615,.74234396
OPM,nonmetro,.0025591278977732,77.21141812481844,.50670731
OPM,nonmetro,.001913744885261,78.54725001610072,.37892148
OPM,nonmetro,.0015864020127357,79.883081907383,.3141076
OPM,nonmetro,.0013544992788269,81.21891379866528,.26819086
OPM,nonmetro,.0011521229518131,82.55474568994757,.22812034
OPM,nonmetro,.0010306185686185,83.89057758122985,.20406248
OPM,nonmetro,.000854794899012,85.22640947251215,.16924939
OPM,nonmetro,.0006230838315375,86.56224136379443,.1233706
OPM,metro,.0013658658097494,21.75545234675666,1.3508413
OPM,metro,.0031150751306868,23.15916755779155,3.0808094
OPM,metro,.0061630975261551,24.56288276882645,6.0953035
OPM,metro,.0101576767568529,25.96659797986134,10.045942
OPM,metro,.0145279678545162,27.37031319089624,14.36816
OPM,metro,.0188639771405225,28.77402840193113,18.656473
OPM,metro,.0228171266662134,30.17774361296603,22.566139
OPM,metro,.0260022866804124,31.58145882400092,25.716261
OPM,metro,.0279073892247324,32.98517403503581,27.600409
OPM,metro,.0285897263581002,34.3888892460707,28.27524
OPM,metro,.0281975185840194,35.7926044571056,27.887346
OPM,metro,.0273353869215124,37.1963196681405,27.034698
OPM,metro,.0265600726491602,38.60003487917539,26.267912
OPM,metro,.0256991895322636,40.00375009021029,25.416498
OPM,metro,.025608166261265,41.40746530124518,25.326477
OPM,metro,.0253195634316863,42.81118051228008,25.041048
OPM,metro,.0250469991901007,44.21489572331497,24.771482
OPM,metro,.0246201032876203,45.61861093434986,24.349281
OPM,metro,.0239680111418211,47.02232614538475,23.704363
OPM,metro,.0228018942101203,48.42604135641965,22.551073
OPM,metro,.0216575762428259,49.82975656745455,21.419342
OPM,metro,.0207643590520112,51.23347177848944,20.535952
OPM,metro,.0198176636624743,52.63718698952434,19.599669
OPM,metro,.0194049132735508,54.04090220055923,19.19146
OPM,metro,.0199543176488248,55.44461741159412,19.734819
OPM,metro,.0204492627809991,56.84833262262902,20.224321
OPM,metro,.0208662630819156,58.25204783366391,20.636734
OPM,metro,.0210171366650127,59.6557630446988,20.785948
OPM,metro,.0203162755117295,61.05947825573369,20.092796
OPM,metro,.0191491921672411,62.46319346676859,18.938551
OPM,metro,.017337362046436,63.86690867780349,17.14665
OPM,metro,.0155811910972998,65.27062388883839,15.409798
OPM,metro,.0132058172734405,66.67433909987328,13.060554
OPM,metro,.0107760973403175,68.07805431090817,10.65756
OPM,metro,.0086095847564873,69.48176952194307,8.5148792
OPM,metro,.0067228712158904,70.88548473297796,6.6489196
OPM,metro,.0052451207797451,72.28919994401285,5.1874247
OPM,metro,.0038577424479337,73.69291515504774,3.8153074
OPM,metro,.0028669530703312,75.09663036608264,2.8354166
OPM,metro,.0019523171834496,76.50034557711754,1.9308417
OPM,metro,.0014276805712791,77.90406078815244,1.4119761
OPM,metro,.0011312154465727,79.30777599918733,1.118772
OPM,metro,.0009667205872504,80.71149121022222,.95608664
OPM,metro,.0008063535969085,82.11520642125711,.79748368
OPM,metro,.0007445578468149,83.51892163229201,.7363677
OPM,metro,.0007315087938875,84.9226368433269,.72346222
OPM,metro,.0006755098313985,86.32635205436179,.6680792
OPM,metro,.0005444191610727,87.73006726539668,.53843057
OPM,metro,.000373875559811,89.13378247643158,.36976293
OPM,metro,.0002278541221414,90.53749768746647,.22534773
MD,nonmetro,.0004780506447318,25.12139637875005,1.4680935
MD,nonmetro,.0017640702843761,26.55177366829582,5.41746
MD,nonmetro,.003768216386327,27.9821509578416,11.572192
MD,nonmetro,.0065316376577441,29.41252824738737,20.058659
MD,nonmetro,.0095511179604548,30.84290553693314,29.331484
MD,nonmetro,.0124254848639159,32.27328282647891,38.158665
MD,nonmetro,.0151689332952919,33.70366011602469,46.583794
MD,nonmetro,.0173104258408062,35.13403740557046,53.160316
MD,nonmetro,.0190419983032346,36.56441469511623,58.477978
MD,nonmetro,.0199174203357507,37.99479198466201,61.166397
MD,nonmetro,.0204170636838796,39.42516927420778,62.700802
MD,nonmetro,.0204733868724414,40.85554656375355,62.873772
MD,nonmetro,.0206191372978883,42.28592385329932,63.321369
MD,nonmetro,.0214343338501741,43.7163011428451,65.824837
MD,nonmetro,.0226566525063495,45.14667843239087,69.578583
MD,nonmetro,.0241515740615999,46.57705572193665,74.169487
MD,nonmetro,.0253522866598976,48.00743301148242,77.856873
MD,nonmetro,.0263809317950205,49.43781030102819,81.015839
MD,nonmetro,.0270103821154095,50.86818759057397,82.948883
MD,nonmetro,.0276033290505533,52.29856488011974,84.769821
MD,nonmetro,.0278990930429956,53.72894216966552,85.678116
MD,nonmetro,.0281231927421394,55.15931945921129,86.366325
MD,nonmetro,.0282390418717735,56.58969674875706,86.722099
MD,nonmetro,.0284287058976909,58.02007403830283,87.304558
MD,nonmetro,.0285730604573672,59.4504513278486,87.747871
MD,nonmetro,.0285936027878846,60.88082861739438,87.810951
MD,nonmetro,.0279643200761761,62.31120590694015,85.878426
MD,nonmetro,.0262074272906095,63.74158319648593,80.483009
MD,nonmetro,.0237507548963029,65.17196048603169,72.938568
MD,nonmetro,.0207317892846605,66.60233777557747,63.667324
MD,nonmetro,.0179548825878042,68.03271506512324,55.139446
MD,nonmetro,.0149637953839697,69.46309235466902,45.953815
MD,nonmetro,.0123318629104839,70.89346964421479,37.871151
MD,nonmetro,.0100189436738669,72.32384693376056,30.768175
MD,nonmetro,.0078841514314326,73.75422422330634,24.212229
MD,nonmetro,.0061089947196833,75.18460151285211,18.760723
MD,nonmetro,.0046564373042583,76.61497880239789,14.299919
MD,nonmetro,.003801097578122,78.04535609194366,11.673171
MD,nonmetro,.0029158512414145,79.47573338148942,8.9545794
MD,nonmetro,.0020930977813986,80.90611067103521,6.4279032
MD,nonmetro,.0015856875865191,82.33648796058097,4.8696465
MD,nonmetro,.0011537052288598,83.76686525012676,3.5430288
MD,nonmetro,.0008707393810004,85.19724253967252,2.6740406
MD,nonmetro,.0006760950067142,86.6276198292183,2.0762877
MD,nonmetro,.0005287016855552,88.05799711876406,1.6236429
MD,nonmetro,.0003690854043635,89.48837440830984,1.1334612
MD,nonmetro,.0002314777721644,90.91875169785561,.71086824
MD,nonmetro,.0001654552411149,92.34912898740139,.50811303
MD,nonmetro,.0001090392223223,93.77950627694716,.33485946
MD,nonmetro,.0000524889092183,95.20988356649293,.16119345
MD,metro,9.72225451597e-06,23.02329901218736,.21255764
MD,metro,.0001415347878094,24.58066006327605,3.0943751
MD,metro,.0009347424320034,26.13802111436474,20.436274
MD,metro,.0040096478222293,27.69538216545344,87.662933
MD,metro,.0101710489375049,29.25274321654213,222.36964
MD,metro,.018058568261208,30.81010426763083,394.81448
MD,metro,.0242332010854177,32.36746531871953,529.81049
MD,metro,.0272282211828158,33.92482636980822,595.29059
MD,metro,.0283714082794043,35.48218742089691,620.28412
MD,metro,.0292274574614806,37.0395484719856,638.99988
MD,metro,.0296814737772764,38.5969095230743,648.92609
MD,metro,.0294860904502023,40.15427057416299,644.65442
MD,metro,.0288292348174256,41.71163162525169,630.29358
MD,metro,.0282839898379398,43.26899267634039,618.37286
MD,metro,.0283750168053173,44.82635372742908,620.36298
MD,metro,.0284140935536077,46.38371477851777,621.21735
MD,metro,.0278782461428259,47.94107582960647,609.50208
MD,metro,.0263280642047022,49.49843688069517,575.61047
MD,metro,.0250212222624768,51.05579793178386,547.039
MD,metro,.0242648603626335,52.61315898287255,530.50262
MD,metro,.0236446419847912,54.17052003396125,516.94281
MD,metro,.0229218529922394,55.72788108504994,501.14047
MD,metro,.0226364526316591,57.28524213613864,494.90076
MD,metro,.022621266624738,58.84260318722733,494.56876
MD,metro,.021924697235041,60.39996423831603,479.33966
MD,metro,.0201887342853753,61.95732528940472,441.38629
MD,metro,.0179840647838317,63.51468634049341,393.18561
MD,metro,.0154341247225896,65.0720473915821,337.43628
MD,metro,.0125720566220912,66.62940844267081,274.86288
MD,metro,.0101076026301531,68.1867694937595,220.98251
MD,metro,.0082451371660675,69.74413054484819,180.26343
MD,metro,.0064705304911044,71.30149159593688,141.46521
MD,metro,.0048918949500196,72.85885264702559,106.9515
MD,metro,.0036522325468135,74.41621369811428,79.848763
MD,metro,.002777268661354,75.97357474920297,60.719425
MD,metro,.0019360715181298,77.53093580029167,42.328331
MD,metro,.0013518417618824,79.08829685138036,29.555317
MD,metro,.001180691776496,80.64565790246905,25.813465
MD,metro,.0009592873215562,82.20301895355775,20.972898
MD,metro,.0006708275516478,83.76038000464645,14.666303
MD,metro,.0004019280773996,85.31774105573514,8.7873535
MD,metro,.0002248732455968,86.87510210682383,4.9164038
MD,metro,.0000983653905247,88.43246315791252,2.1505625
MD,metro,.0000475423987395,89.98982420900121,1.0394194
MD,metro,.0000177367184506,91.54718526008992,.38777786
MD,metro,.0000164692860196,93.10454631117861,.36006799
MD,metro,.0000126894008378,94.6619073622673,.27742836
MD,metro,.000016317929996,96.21926841335599,.35675889
MD,metro,.0000121605642108,97.7766294644447,.26586643
MD,metro,8.47821687889e-06,99.33399051553339,.18535925
LPN,nonmetro,.0004121546301496,16.59956988819781,1.7941091
LPN,nonmetro,.0015929823052113,18.05711304128957,6.9342518
LPN,nonmetro,.0037883759789681,19.51465619438132,16.490801
LPN,nonmetro,.0067495005872261,20.97219934747309,29.380575
LPN,nonmetro,.0101418060934922,22.42974250056485,44.147282
LPN,nonmetro,.0139224458900593,23.88728565365661,60.604408
LPN,nonmetro,.0170938231439998,25.34482880674837,74.409409
LPN,nonmetro,.0194528961203028,26.80237195984013,84.678459
LPN,nonmetro,.0213293460458313,28.25991511293189,92.846642
LPN,nonmetro,.0225998021553004,29.71745826602365,98.376938
LPN,nonmetro,.022978286559491,31.1750014191154,100.02448
LPN,nonmetro,.0230469133854318,32.63254457220717,100.32321
LPN,nonmetro,.0232766105541411,34.09008772529893,101.32308
LPN,nonmetro,.0232579089363479,35.54763087839068,101.24168
LPN,nonmetro,.0232114306850524,37.00517403148245,101.03936
LPN,nonmetro,.023259758628405,38.4627171845742,101.24973
LPN,nonmetro,.0234907492145663,39.92026033766597,102.25523
LPN,nonmetro,.023577104993176,41.37780349075773,102.63114
LPN,nonmetro,.0244845981205126,42.83534664384948,106.58146
LPN,nonmetro,.0252265242635596,44.29288979694125,109.81106
LPN,nonmetro,.0253935353752977,45.750432950033,110.53806
LPN,nonmetro,.0248644748195808,47.20797610312476,108.23506
LPN,nonmetro,.023658607659225,48.66551925621653,102.98592
LPN,nonmetro,.0227663541624034,50.12306240930828,99.101936
LPN,nonmetro,.0222211239532369,51.58060556240005,96.728554
LPN,nonmetro,.0226559433368516,53.03814871549181,98.621323
LPN,nonmetro,.0230851200449981,54.49569186858356,100.48952
LPN,nonmetro,.023138364805366,55.95323502167533,100.7213
LPN,nonmetro,.0226083574902858,57.41077817476709,98.414177
LPN,nonmetro,.0213083735918735,58.86832132785884,92.755348
LPN,nonmetro,.0196478968148131,60.32586448095061,85.527298
LPN,nonmetro,.0176667038164687,61.78340763404236,76.90316
LPN,nonmetro,.015254912221716,63.24095078713413,66.404633
LPN,nonmetro,.0125218395624439,64.69849394022589,54.507568
LPN,nonmetro,.0097542415977227,66.15603709331765,42.460213
LPN,nonmetro,.0074019992785126,67.61358024640941,32.220901
LPN,nonmetro,.0053763703972979,69.07112339950116,23.403339
LPN,nonmetro,.0037916177538754,70.52866655259292,16.504911
LPN,nonmetro,.0028031583732475,71.98620970568469,12.202148
LPN,nonmetro,.0020271085964297,73.44375285877644,8.8240042
LPN,nonmetro,.001488479668244,74.9012960118682,6.479352
LPN,nonmetro,.0011327144377007,76.35883916495996,4.930706
LPN,nonmetro,.0007896416385309,77.81638231805172,3.43731
LPN,nonmetro,.0005322348305782,79.27392547114349,2.3168182
LPN,nonmetro,.0003878488564799,80.73146862423525,1.6883061
LPN,nonmetro,.0002881734669115,82.18901177732701,1.2544191
LPN,nonmetro,.0002277477343888,83.64655493041876,.99138588
LPN,nonmetro,.0001837744167528,85.10409808351052,.79997003
LPN,nonmetro,.0001039818964374,86.56164123660228,.4526332
LPN,nonmetro,.0000395640324566,88.01918438969405,.17222223
LPN,metro,.0002741223756663,17.50074343757739,3.7615073
LPN,metro,.0011072837983045,18.94776501457104,15.194148
LPN,metro,.0027912678469608,20.3947865915647,38.301777
LPN,metro,.0053388946004671,21.84180816855836,73.260315
LPN,metro,.0081525912549419,23.28882974555202,111.86986
LPN,metro,.0114487860608301,24.73585132254567,157.10023
LPN,metro,.015147663606864,26.18287289953933,207.85625
LPN,metro,.0182882202106434,27.62989447653298,250.95096
LPN,metro,.0208306870917807,29.07691605352664,285.83868
LPN,metro,.0224603692810025,30.52393763052029,308.2012
LPN,metro,.0233037439086499,31.97095920751395,319.77399
LPN,metro,.0235968055104113,33.41798078450761,323.79538
LPN,metro,.0237743141492404,34.86500236150127,326.23114
LPN,metro,.0240113429621874,36.31202393849492,329.48364
LPN,metro,.0245751384107479,37.75904551548858,337.22006
LPN,metro,.0252580595758279,39.20606709248224,346.59109
LPN,metro,.0252192792694639,40.65308866947589,346.05896
LPN,metro,.0251698746580376,42.10011024646955,345.38101
LPN,metro,.0259441587540111,43.5471318234632,356.00574
LPN,metro,.0274363267850439,44.99415340045687,376.48126
LPN,metro,.0281258264369619,46.44117497745052,385.9426
LPN,metro,.0271686664953123,47.88819655444418,372.80844
LPN,metro,.0254802297140476,49.33521813143783,349.63971
LPN,metro,.0237885085118038,50.78223970843149,326.4259
LPN,metro,.0229770583253883,52.22926128542514,315.2912
LPN,metro,.0227587915524556,53.6762828624188,312.29614
LPN,metro,.0221277408663853,55.12330443941245,303.63687
LPN,metro,.0217884939078939,56.57032601640611,298.98172
LPN,metro,.0214690261561439,58.01734759339978,294.59799
LPN,metro,.0209185402743136,59.46436917039343,287.04422
LPN,metro,.0200048083439415,60.91139074738709,274.50598
LPN,metro,.0181857715337364,62.35841232438074,249.54515
LPN,metro,.0156390388012725,63.8054339013744,214.59889
LPN,metro,.0126040975982499,65.25245547836805,172.95343
LPN,metro,.0097137685800405,66.69947705536171,133.29233
LPN,metro,.0072519543987663,68.14649863235536,99.511322
LPN,metro,.0052758828246145,69.59352020934902,72.39566
LPN,metro,.0037280287820467,71.04054178634267,51.15601
LPN,metro,.0025230440737937,72.48756336333634,34.621212
LPN,metro,.0017366752631101,73.93458494033,23.830658
LPN,metro,.0012155448507129,75.38160651732365,16.679707
LPN,metro,.000879489873396,76.82862809431731,12.06836
LPN,metro,.0005504874805272,78.27564967131096,7.5537891
LPN,metro,.0003151586681078,79.72267124830462,4.3246074
LPN,metro,.0001775068393389,81.16969282529827,2.4357488
LPN,metro,.0001331969260286,82.61671440229193,1.8277283
LPN,metro,.0001216390496652,84.06373597928558,1.669131
LPN,metro,.0000934176048177,85.51075755627925,1.2818763
LPN,metro,.0000475058785242,86.95777913327289,.65187567
LPN,metro,.0000242995877803,88.40480071026656,.33343893
DHG,nonmetro,.0011985526663335,17.26045501564585,1.4059023
DHG,nonmetro,.0031535067746691,18.52110889325669,3.6990635
DHG,nonmetro,.005993161251592,19.78176277086754,7.0299783
DHG,nonmetro,.0095228426023211,21.04241664847838,11.170295
DHG,nonmetro,.013505983145624,22.30307052608923,15.842518
DHG,nonmetro,.017724568210309,23.56372440370008,20.790918
DHG,nonmetro,.0217324397160882,24.82437828131092,25.492151
DHG,nonmetro,.0249478419683356,26.08503215892177,29.263819
DHG,nonmetro,.0268526125513722,27.34568603653261,31.498114
DHG,nonmetro,.0278073513606608,28.60633991414346,32.618023
DHG,nonmetro,.0288397027902974,29.8669937917543,33.828972
DHG,nonmetro,.0296556070996986,31.12764766936515,34.786026
DHG,nonmetro,.0299779387316724,32.388301546976,35.164124
DHG,nonmetro,.0298169751915549,33.64895542458685,34.975311
DHG,nonmetro,.0289029284307569,34.90960930219769,33.903133
DHG,nonmetro,.0283319083574486,36.17026317980853,33.23333
DHG,nonmetro,.0279550918186131,37.43091705741938,32.791321
DHG,nonmetro,.027280625782555,38.69157093503023,32.000175
DHG,nonmetro,.0258121121350135,39.95222481264107,30.277607
DHG,nonmetro,.0248162796062699,41.21287869025191,29.109495
DHG,nonmetro,.0245006734002229,42.47353256786276,28.73929
DHG,nonmetro,.0241762468943588,43.73418644547361,28.358738
DHG,nonmetro,.0237855313068016,44.99484032308445,27.900429
DHG,nonmetro,.0228339937694355,46.2554942006953,26.784275
DHG,nonmetro,.0214990804925646,47.51614807830615,25.218422
DHG,nonmetro,.0204999629317658,48.77680195591699,24.046457
DHG,nonmetro,.0197837532329788,50.03745583352784,23.206343
DHG,nonmetro,.0190333468786508,51.29810971113868,22.326117
DHG,nonmetro,.0181464201003087,52.55876358874953,21.285751
DHG,nonmetro,.0174484635012401,53.81941746636038,20.467047
DHG,nonmetro,.0169432714412316,55.08007134397122,19.874458
DHG,nonmetro,.0162588465487982,56.34072522158206,19.071627
DHG,nonmetro,.0154991898150738,57.60137909919291,18.18055
DHG,nonmetro,.0150192282503645,58.86203297680376,17.617556
DHG,nonmetro,.0146613787291258,60.1226868544146,17.197798
DHG,nonmetro,.0140158119500935,61.38334073202545,16.440548
DHG,nonmetro,.0130112536137437,62.6439946096363,15.2622
DHG,nonmetro,.0116730570856552,63.90464848724714,13.692496
DHG,nonmetro,.0099230751530493,65.16530236485798,11.639767
DHG,nonmetro,.0078521825392511,66.42595624246883,9.2106104
DHG,nonmetro,.0057260485367526,67.68661012007968,6.7166548
DHG,nonmetro,.003510759617905,68.94726399769053,4.1181211
DHG,nonmetro,.0017645655267815,70.20791787530138,2.0698354
DHG,nonmetro,.0007195087337766,71.46857175291221,.84398377
DHG,nonmetro,.0002881534994158,72.72922563052306,.33800405
DHG,nonmetro,.0001082585650548,73.98987950813391,.12698729
DHG,nonmetro,.0001029472033459,75.25053338574475,.12075707
DHG,nonmetro,.0001064255946966,76.5111872633556,.12483722
DHG,nonmetro,.0001005110797562,77.77184114096644,.1178995
DHG,nonmetro,.0000852036585248,79.03249501857729,.099943891
DHG,metro,.0003341116098495,17.68301992378114,1.6922753
DHG,metro,.0016309830909232,18.98660309693221,8.2609291
DHG,metro,.0041100095646772,20.29018627008327,20.817198
DHG,metro,.0077287167963115,21.59376944323433,39.14595
DHG,metro,.011712811573029,22.8973526163854,59.32539
DHG,metro,.0157473064690864,24.20093578953646,79.760109
DHG,metro,.0194828920791494,25.50451896268752,98.680847
DHG,metro,.0219946423908764,26.80810213583859,111.40286
DHG,metro,.0236668374191952,28.11168530898965,119.87253
DHG,metro,.0249336451432511,29.41526848214071,126.28891
DHG,metro,.0259674004589085,30.71885165529178,131.52489
DHG,metro,.0266844695316168,32.02243482844284,135.15685
DHG,metro,.0272578056488083,33.32601800159391,138.06079
DHG,metro,.0278044033162379,34.62960117474497,140.8293
DHG,metro,.0275928985419464,35.93318434789603,139.75803
DHG,metro,.0268164692349208,37.2367675210471,135.82542
DHG,metro,.0258276301503163,38.54035069419816,130.81694
DHG,metro,.0246857035573236,39.84393386734922,125.03309
DHG,metro,.0237861464842893,41.14751704050029,120.47683
DHG,metro,.0237555938744338,42.45110021365135,120.32208
DHG,metro,.0243110754034041,43.75468338680241,123.1356
DHG,metro,.0250989750764963,45.05826655995348,127.12631
DHG,metro,.0254054464666567,46.36184973310454,128.67859
DHG,metro,.025318768620785,47.6654329062556,128.23956
DHG,metro,.0245387501546722,48.96901607940667,124.28877
DHG,metro,.0233659055200139,50.27259925255774,118.34831
DHG,metro,.0222195512313413,51.57618242570879,112.54203
DHG,metro,.0212155480538115,52.87976559885986,107.45675
DHG,metro,.0206199040098646,54.18334877201093,104.43981
DHG,metro,.0200919762507724,55.48693194516198,101.76586
DHG,metro,.0196679924908072,56.79051511831305,99.618385
DHG,metro,.0189538627473577,58.09409829146412,96.001312
DHG,metro,.0181721370294474,59.39768146461518,92.041878
DHG,metro,.0172573635158994,60.70126463776624,87.408546
DHG,metro,.0158925666082464,62.00484781091731,80.49585
DHG,metro,.0136813137160198,63.30843098406837,69.295853
DHG,metro,.0110951649824755,64.61201415721943,56.19701
DHG,metro,.0086141039322689,65.9155973303705,43.630436
DHG,metro,.0064000633331487,67.21918050352156,32.416321
DHG,metro,.0044813081234076,68.52276367667263,22.697826
DHG,metro,.0031387730164698,69.82634684982369,15.897885
DHG,metro,.0022806714752795,71.12993002297475,11.551601
DHG,metro,.0015185405786646,72.43351319612582,7.6914082
DHG,metro,.0008052432228847,73.73709636927688,4.078557
DHG,metro,.0003911447734821,75.04067954242794,1.9811482
DHG,metro,.0002783343816707,76.34426271557901,1.4097637
DHG,metro,.0002236579228715,77.64784588873008,1.1328274
DHG,metro,.0002002957114334,78.95142906188113,1.0144978
DHG,metro,.000161335610733,80.2550122350322,.8171649
DHG,metro,.0001039930050206,81.55859540818327,.52672458
DDS,nonmetro,.0022246712633679,22.00506664026089,1.5439218
DDS,nonmetro,.0040866866998165,23.40244885368973,2.8361607
DDS,nonmetro,.0064133831915465,24.79983106711858,4.4508882
DDS,nonmetro,.0091426975165819,26.19721328054742,6.3450322
DDS,nonmetro,.0117415989203167,27.59459549397627,8.1486692
DDS,nonmetro,.014272358328711,28.99197770740512,9.9050169
DDS,nonmetro,.016596612520065,30.38935992083396,11.518049
DDS,nonmetro,.0187673497102688,31.78674213426281,13.024541
DDS,nonmetro,.0202439413331207,33.18412434769166,14.049295
DDS,nonmetro,.02077876192848,34.58150656112051,14.420461
DDS,nonmetro,.0210217610596306,35.97888877454935,14.589102
DDS,nonmetro,.0211020992910846,37.3762709879782,14.644856
DDS,nonmetro,.0210067361130195,38.77365320140704,14.578675
DDS,nonmetro,.0208514717354581,40.17103541483589,14.470922
DDS,nonmetro,.0208677545706761,41.56841762826474,14.482222
DDS,nonmetro,.0205474924034317,42.96579984169358,14.25996
DDS,nonmetro,.0201598564818441,44.36318205512243,13.99094
DDS,nonmetro,.0197101556052258,45.76056426855128,13.678848
DDS,nonmetro,.0194548830079598,47.15794648198012,13.501689
DDS,nonmetro,.0194572710393874,48.55532869540897,13.503346
DDS,nonmetro,.0190908616602807,49.95271090883782,13.249058
DDS,nonmetro,.0187500671934592,51.35009312226666,13.012547
DDS,nonmetro,.0184240680111638,52.74747533569551,12.786304
DDS,nonmetro,.0183158741017852,54.14485754912435,12.711217
DDS,nonmetro,.0184046595249332,55.5422397625532,12.772834
DDS,nonmetro,.0192033307903974,56.93962197598205,13.327111
DDS,nonmetro,.0206589963008016,58.3370041894109,14.337343
DDS,nonmetro,.0222303168482215,59.73438640283974,15.42784
DDS,nonmetro,.023316822841134,61.13176861626859,16.181875
DDS,nonmetro,.0241297866910051,62.52915082969744,16.746073
DDS,nonmetro,.0246154179524638,63.92653304312628,17.083099
DDS,nonmetro,.0245279384058824,65.32391525655513,17.022388
DDS,nonmetro,.0234110762573593,66.72129746998397,16.247288
DDS,nonmetro,.021416371956365,68.11867968341282,14.862962
DDS,nonmetro,.0188298218634059,69.51606189684168,13.067897
DDS,nonmetro,.0156728724764696,70.91344411027052,10.876973
DDS,nonmetro,.0125837198459677,72.31082632369936,8.7331018
DDS,nonmetro,.0101045322164192,73.7082085371282,7.0125456
DDS,nonmetro,.0080667905851753,75.10559075055704,5.5983524
DDS,nonmetro,.0061113478961658,76.5029729639859,4.2412753
DDS,nonmetro,.004644518843027,77.90035517741475,3.2232962
DDS,nonmetro,.0035483905438862,79.29773739084359,2.4625831
DDS,nonmetro,.0028328175173437,80.69511960427244,1.9659754
DDS,nonmetro,.0020695520402276,82.09250181770128,1.4362692
DDS,nonmetro,.0015129057880052,83.48988403113013,1.0499566
DDS,nonmetro,.0011436386150744,84.88726624455899,.7936852
DDS,nonmetro,.0008439847170115,86.28464845798783,.58572537
DDS,nonmetro,.000587243865184,87.68203067141667,.40754724
DDS,nonmetro,.0003841396097488,89.07941288484551,.26659289
DDS,nonmetro,.0001755555554354,90.47679509827435,.12183555
DDS,metro,.0008435682335905,22.11175438057407,3.8534198
DDS,metro,.0028807077634219,23.6216155841104,13.159073
DDS,metro,.0066409228687077,25.13147678764673,30.335735
DDS,metro,.0117207412319793,26.64133799118307,53.540344
DDS,metro,.0171495375956718,28.1511991947194,78.339088
DDS,metro,.0215624664102629,29.66106039825574,98.497345
DDS,metro,.0242936717160665,31.17092160179207,110.9735
DDS,metro,.0252758617951934,32.6807828053284,115.46014
DDS,metro,.0253124975327674,34.19064400886474,115.62749
DDS,metro,.0252666073503031,35.70050521240107,115.41786
DDS,metro,.0255124503048224,37.2103664159374,116.54087
DDS,metro,.0255668848109072,38.72022761947373,116.78953
DDS,metro,.0255771510023647,40.23008882301006,116.83643
DDS,metro,.0256249113143177,41.7399500265464,117.0546
DDS,metro,.0257524834276064,43.24981123008273,117.63734
DDS,metro,.0260986157286619,44.75967243361907,119.21848
DDS,metro,.0259328475746965,46.26953363715541,118.46125
DDS,metro,.0251348915193696,47.77939484069174,114.81618
DDS,metro,.0236742153206119,49.28925604422807,108.14381
DDS,metro,.0221066191185404,50.7991172477644,100.98304
DDS,metro,.0203226229984354,52.30897845130073,92.83374
DDS,metro,.0191270107884238,53.81883965483706,87.372185
DDS,metro,.018458534478348,55.32870085837341,84.318588
DDS,metro,.0180204545483449,56.83856206190974,82.317436
DDS,metro,.0179419223886803,58.34842326544607,81.958702
DDS,metro,.0180893948102236,59.8582844689824,82.632355
DDS,metro,.0181645434678583,61.36814567251874,82.975632
DDS,metro,.0177602359491107,62.87800687605507,81.128761
DDS,metro,.017013679192778,64.3878680795914,77.718483
DDS,metro,.0155027337279042,65.89772928312773,70.81649
DDS,metro,.0139595486868227,67.40759048666408,63.76722
DDS,metro,.0122310298012668,68.91745169020041,55.871346
DDS,metro,.0103419846178508,70.42731289373674,47.242188
DDS,metro,.0083981459844426,71.93717409727307,38.362732
DDS,metro,.0065604305057875,73.4470353008094,29.968046
DDS,metro,.0049160053480715,74.95689650434574,22.456312
DDS,metro,.0035600609265134,76.46675770788207,16.262358
DDS,metro,.0027434207236006,77.9766189114184,12.531946
DDS,metro,.0020053296530748,79.48648011495475,9.160346
DDS,metro,.0015405391079749,80.99634131849108,7.0371828
DDS,metro,.0012261588512781,82.50620252202741,5.6010938
DDS,metro,.0009310375214721,84.01606372556374,4.2529793
DDS,metro,.0005885729349452,85.52592492910007,2.6886013
DDS,metro,.0003754725063156,87.0357861326364,1.7151585
DDS,metro,.0001992162730915,88.54564733617275,.91001993
DDS,metro,.0000655632445098,90.05550853970908,.2994929
DDS,metro,.0000581403940183,91.56536974324541,.26558533
DDS,metro,.0000638758443826,93.07523094678174,.29178485
DDS,metro,.0000576760309027,94.58509215031808,.26346412
DDS,metro,.0000395409535786,96.09495335385441,.18062307
CHI,nonmetro,.0014110047602494,22.04904191900797,.34851816
CHI,nonmetro,.0023625104009538,23.34550784970485,.58354008
CHI,nonmetro,.0035063138535439,24.64197378040173,.86605954
CHI,nonmetro,.0049174337684575,25.9384397110986,1.2146062
CHI,nonmetro,.006698059796704,27.23490564179548,1.6544207
CHI,nonmetro,.0088490962626294,28.53137157249235,2.1857269
CHI,nonmetro,.0111184192271671,29.82783750318923,2.7462494
CHI,nonmetro,.0131097884341797,31.12430343388611,3.2381177
CHI,nonmetro,.0145457767333307,32.42076936458299,3.5928068
CHI,nonmetro,.015316150562484,33.71723529527986,3.7830892
CHI,nonmetro,.0163168467883833,35.01370122597674,4.030261
CHI,nonmetro,.0177175986990799,36.31016715667361,4.3762469
CHI,nonmetro,.0190435817095175,37.6066330873705,4.7037649
CHI,nonmetro,.0203745627852082,38.90309901806737,5.032517
CHI,nonmetro,.0218954625193596,40.19956494876425,5.4081793
CHI,nonmetro,.023643582528612,41.49603087946112,5.8399649
CHI,nonmetro,.0251850035974102,42.792496810158,6.220696
CHI,nonmetro,.0265863165598512,44.08896274085488,6.5668201
CHI,nonmetro,.0274673116674751,45.38542867155175,6.7844262
CHI,nonmetro,.0281951493479114,46.68189460224863,6.9642019
CHI,nonmetro,.0284199851270644,47.9783605329455,7.0197363
CHI,nonmetro,.0275901749843587,49.27482646364238,6.8147731
CHI,nonmetro,.0266453090748068,50.57129239433926,6.5813913
CHI,nonmetro,.0260153670976546,51.86775832503614,6.4257956
CHI,nonmetro,.025661215513688,53.16422425573302,6.3383203
CHI,nonmetro,.0258972861538339,54.46069018642989,6.3966298
CHI,nonmetro,.0264506702912959,55.75715611712677,6.5333157
CHI,nonmetro,.0273961789244781,57.05362204782364,6.7668562
CHI,nonmetro,.0278317409410403,58.35008797852052,6.8744402
CHI,nonmetro,.0277157866231782,59.6465539092174,6.8457994
CHI,nonmetro,.0268588077841351,60.94301983991427,6.6341257
CHI,nonmetro,.0257178523614768,62.23948577061115,6.3523097
CHI,nonmetro,.0241204921949702,63.53595170130802,5.9577618
CHI,nonmetro,.022000292048889,64.83241763200491,5.434072
CHI,nonmetro,.0193930980742975,66.12888356270177,4.7900953
CHI,nonmetro,.0163227910628233,67.42534949339866,4.0317292
CHI,nonmetro,.013318620614512,68.72181542409554,3.2896993
CHI,nonmetro,.0108525068321475,70.01828135479241,2.6805692
CHI,nonmetro,.0087777745657581,71.31474728548929,2.1681104
CHI,nonmetro,.0071159392349158,72.61121321618616,1.757637
CHI,nonmetro,.0053868920075018,73.90767914688304,1.3305624
CHI,nonmetro,.0038091926727151,75.20414507757991,.94087058
CHI,nonmetro,.0025724625944799,76.50061100827679,.63539827
CHI,nonmetro,.0017251671507981,77.79707693897367,.42611629
CHI,nonmetro,.0011169955158589,79.09354286967054,.27589789
CHI,nonmetro,.0008127420115517,80.39000880036743,.20074728
CHI,nonmetro,.0006197169290989,81.68647473106429,.15307008
CHI,nonmetro,.0003866375429418,82.98294066176118,.095499471
CHI,nonmetro,.0003538060048826,84.27940659245806,.08739008
CHI,nonmetro,.000307686700914,85.57587252315493,.075998612
CHI,metro,.0010887683631188,22.30744395461957,1.5068554
CHI,metro,.0023170828292243,23.57028669253463,3.2068427
CHI,metro,.0039234459315631,24.8331294304497,5.4300489
CHI,metro,.0058638351238115,26.09597216836476,8.1155481
CHI,metro,.008219701030272,27.35881490627983,11.376066
CHI,metro,.0106684247400939,28.62165764419489,14.7651
CHI,metro,.0134129989266916,29.88450038210996,18.563591
CHI,metro,.0162909214261682,31.14734312002503,22.546635
CHI,metro,.0188199580286888,32.41018585794009,26.046822
CHI,metro,.0213752161078227,33.67302859585516,29.5833
CHI,metro,.0234380764193273,34.93587133377022,32.438297
CHI,metro,.0250427129277209,36.19871407168529,34.659115
CHI,metro,.02638072703651,37.46155680960035,36.510925
CHI,metro,.0278069293578953,38.72439954751542,38.484791
CHI,metro,.028981823741806,39.98724228543048,40.110844
CHI,metro,.0302822756975488,41.25008502334555,41.910671
CHI,metro,.0317637462033507,42.51292776126061,43.961025
CHI,metro,.033013479745768,43.77577049917568,45.690655
CHI,metro,.0339145500847651,45.03861323709074,46.937737
CHI,metro,.0339912405652354,46.30145597500581,47.043877
CHI,metro,.0326300454057037,47.56429871292087,45.159985
CHI,metro,.0307697058707164,48.82714145083594,42.585274
CHI,metro,.0289706302298529,50.089984188751,40.095352
CHI,metro,.0268991290407684,51.35282692666607,37.228394
CHI,metro,.0248458010614215,52.61566966458113,34.386589
CHI,metro,.0233142747288283,53.8785124024962,32.266956
CHI,metro,.0222981225489972,55.14135514041126,30.860601
CHI,metro,.0220244668630521,56.40419787832633,30.481863
CHI,metro,.0215582313332615,57.66704061624139,29.836592
CHI,metro,.0208587726543272,58.92988335415646,28.868542
CHI,metro,.0198398304698424,60.19272609207152,27.458324
CHI,metro,.0187795809674491,61.45556882998659,25.99094
CHI,metro,.0173378135322792,62.71841156790165,23.995533
CHI,metro,.0155449134276508,63.98125430581672,21.51416
CHI,metro,.0134618502840326,65.24409704373178,18.631201
CHI,metro,.011311218471187,66.50693978164685,15.654726
CHI,metro,.009250296123241,67.76978251956192,12.80241
CHI,metro,.0074760321507007,69.03262525747698,10.346828
CHI,metro,.0061774492963975,70.29546799539205,8.5495901
CHI,metro,.0048391240963976,71.55831073330711,6.6973476
CHI,metro,.004099131123852,72.82115347122218,5.6731973
CHI,metro,.0034245703859495,74.08399620913724,4.7396054
CHI,metro,.0028033898200483,75.34683894705231,3.8798914
CHI,metro,.0022603268307908,76.60968168496737,3.1282923
CHI,metro,.0017297147262391,77.87252442288244,2.3939252
CHI,metro,.0010779138641119,79.1353671607975,1.4918327
CHI,metro,.0006411702775255,80.39820989871257,.88737965
CHI,metro,.0003546447033351,81.66105263662763,.49082828
CHI,metro,.0001585428437687,82.92389537454271,.21942329
CHI,metro,.000089738368234,84.18673811245778,.1241979
